productCode,section,category,name,onecname,extraDescription,description,size,color,country,manufacturer,packageSize,characteristics,measureUnit,stock,price,images
00000000010,Пломбировочные материалы,Пломбировочные материалы,Asteria - Набор шприцов,Asteria - Набор шприцов,Asteria - Набор шприцов,пломба,7шт,,Япония,,,,,10.0,175000.0,https://shop.pharmgeocom.ru/upload/resize_cache/iblock/549/340_340_140cd750bba9870f18aada2478b24840a/estelite-asteria-estelayt-asteriya-syringe-essential-kit-nabor-7-shpritsov.jpg
00000000011,Полировочные системы,Пасты,GS Tooth Mouse,Крем на водной основе,паста,"GC Tooth Mousse – это крем на водной основе, содержащий RECALDENT TM (СРР-АСР: Казеин Фосфопептид — Аморфный Кальций Фосфат)",1шт,,Россия,,1шт,,шт,10.0,8800.0,"data:image/jpeg;base64,/9j/4AAQSkZJRgABAQAAAQABAAD/2wCEAAkGBw4QDw8PEA8VEA8QDxAPEA4WDxgVDxAQFRUWFhcVFhUYHSggGBolGxUWIjIhJykrLi4uFx8zODMtNygtLi0BCgoKDg0OFxAQGi0iHSYrLSsvLSstKystKzctKy0tLSstLi0tLS0rLS0tLystLS03Ny8tLS8tLS8tKy0tLS0tLf/AABEIAOEA4QMBIgACEQEDEQH/xAAcAAACAgMBAQAAAAAAAAAAAAAAAQIFAwQGBwj/xABEEAACAgEDAgQEBAIGCAQHAAABAgADEQQSIQUxBhMiQTJRYXEUQoGRI7EHUnKhwdEVJDNFgoOS0hZD8PE0U1WEk6Kz/8QAGgEAAwEBAQEAAAAAAAAAAAAAAAECAwQFBv/EAC8RAQACAQIDBgUDBQAAAAAAAAABAgMRMQQSIQUTQVGR8CJxgbHRQqHBFDJSYeH/2gAMAwEAAhEDEQA/APXIQhOpziEIxACSEQjiMRwjiMRwjiAhHDERlHHiGIAoRwxAIwjxCARikooyKKOKMFFHEYyKIxmKMhCEIAQhCAEIQgBJRRiIzjijgDjhHJMCOEYiMR4hHEZRwjgCikooAopKKARikjFGSMixA5PA+cnPKfFXiO27U2JvZdPVYVRExlipILHIyTkH6AD9Znlyxjrq6+E4LJxU2inhGv8Az5y9Q8xfSNw9Xw8j1cZ4+fElPKel+ILKyxRimwE8gMMfmwCMft856X0nW+fRXdgDeOQDkZBx3/SZ8PxUZZmsxpLlyYsuK00y1ms+/HbxbRijMRnWgjCEIyEIQgBCEcABJRCOIzEYiElEYPb5/SU1nVtWvbp7N9tTXLqYCJlk18Ja45iN419f4lRv4k1S9+l3fpYp/kJiHi6/26XqP2b/ALJZ6m/1DlgFsRTgfGWBwO/YZBP2m/0hWFeGbc2eW+ZmGt52t9nTFsUR1xx6z+VCvinVHt0rUf3/APZMi+ItYf8AdN//AFj/ABWXvk2NZZl3RAVCBSuGTaCe4JB3Z549oumC0IfNBDbuMtkkFVJzg4B3FhxxwIvj/wAvsc2xaf2R6z+VQvXdaf8AdV3/AOVB/OZF6xrT/uu0f8+r/OXxMwXajayLgkuSOBwABkkmV8Ufq+34RzUnaketvyrB1TWf/TnH/wBxV/nNvRaq9zizTNSMcMbUcfbCnMdTEWWJ6jkby5+Fc8BV/bMz6avaqrknHuTkk/MwrNtd/sm/Lp0rH7/llikopu5ykTJRGMIzw3rVJr1WprPDLdb98ZyDz7EHM9yM5bxN4Nr1louW002HaLPRvSzbwCVyPVjjPymHEY5vEcr1+x+NpwuW3edImHmGj09lti11KzWOfSBwTk8kDsBjvzjjvPZeg9O/DaamjduKLhm9ixOTj6ZJx9Jh6B4d02iUioFrGGHubmxvp9B9BLYx4MPJ1ncu1u044qYpSPhj1lGIxxGdTxkYRxGMhCEIACMRRiAMSQiEcRmIxEJISTEqNRptR5yutn8Psyb8AewIUqc8c9+/0lwJgaZ3aVV+pQl9oZhurHqHwrtYZ/4m3Y/4ZY6SwqvClsuq4GOAe7HJ7DvMDzN0izchb5nI/s5OD+2Jlo016Ku/UdTWzivcgsCHZUnKYDeYN9gOd2Ux2A5PylvpPOIQ2HG0OjjaAbGBAFgwx2qcMQvfDDOMYm3FAkTNTX170ZSWx3IX4mA52j74xNpjMLNCY1ETpOrAlXmCqx1KsvrFeeFYjHPHcZm4g5ka1yMyY4hEaCZ1Tii3GQ3NNOaEaJxSBZo8mHNA5QYjIsxjU5GZUWiSmNCMUkZEy0EYjGYpRImKMxRkIQhACMRSQgDjEUkJJmIxEIxFKoSE5/qnVrK71oSpbCyIVDWlCzsxGB6SMBUYkn6ADvjoBOX682nXU1G9dimvC6lbnV0dbFYKVUYxx8RPHI/NMrrqttXZtR2HdVZh9wDNvpKbU2/1Qqj9BiU2m6zpdRY1NdiuwRLCM4JBweAeeAVz8twEu9B+b7iQtWf+JQ2pfT0aW/ULTatGo1KeWtFFhxkEu6ltoIJ2g4+/EfRfEJ1bbqtLaNITYE1rMgrt2HGVTdv2kg4JHOJzFnQtOeoJUeoaVqx1SzqC6Q4OuXUOpL1A7/h3er4cgDE6Xwx0XU6JBp21K3aWpdmmTyClyLuJAss3kPgccKPnEFvYZp3XhQSxwqgkn2AHJMx9b6rTparLrWwtaqzBRufDNsXCjk5biaXVELqUyAGZQ/1TI3L+oBH6wEN/o97eUDYSC260g903Ett/4QQP0myvUKyofD7SAQfKbGD2OcY5yP3lfprASQe2Oflj3mvf1euuuiqunzKLKkNFpu2o6oN2CxBbsqc4O4uB8yErpO6/rcMMjOPt3+o+Y+slKrpPWKrEARMKEIrXzFZ3KA5r2g5DBQCQe25ffIFshJAJG0kAlTjKn5cRpkjNbWa6qrZ5jBfMsWpBgktY3ZQB9jMuo37G2Y37Ts3fDuxxnHtmU9Ba+h61tSzW6fNR1Jp/h1akr6igx7Z9vsfeEyqtdes7LS/UorVoxw1hKoMZJIGT+mPeZsTQ6Nq67qQyubfLLUm9lANjp6XZfoSD24m+ZeNGSNOiJiMkZEzaGSJikjIxpIyMkYpQKEIQI4xFGIGckIhGJIMSQkRJRSpITj/Flmk82urUl0DLk2q4VVQFs78/l7k/2ROwE5fxF07TW2q9l3k2qn8NjjYMMSrYbg4bnGfaZXXVh6R0mmq7zV1IuJTbzs3nvk5X5s5Pb3E6bpjghiDn1Y/UZBH7zz3UeDrShFGoqsADBHK+tcDCDPqBI55wOXJ/KBO78O6fyqErxjZXWmN27kLg+rA3du+BmZrcZ4h6dqjqupaiii1Ru6bp99VZW99PuazVPQwwS+LNpZeeDzkSr1XTOqGva2n1tukYdROj0/4orqKbWKDTHUO1gbaB5jDJO3IyO0l1rxHrBrOoKuqsWu/8Tp9MobC6caU1jUWqR8LBUvOfniT6P4v11Vemrdq7PKt0WkvpsLvr9RZfSt1lytu4VN/upyEPIiDFqvCusuuuGo07WO9/Sq31vnDDaSpK2vCercCXRvYcsMdzLbw1059JpnqdPLzqtVYlW4MK6ntYoAQT+XB7+8pX8f6m7TI9Wo0wsXp1Oo1DFkVF1Ft2PKRrG2iwVJZhWPxYz8pWdR8U6vNhrve7boVurQVVb62KrubV1qu6twbAwCnaQvbvCQ9G6dePM2552kgZ5IBHtM/VPEq6a2uhaH1FzVm5kV60SqkMF3vZa6qoLHAGcmcj4FZnFV1lvnuxsCXFWVvKycLyqbsHPq2jPym34602leypbW1aWaql9Efw9C2rfUcuamDqQGG0sCMEcnMIEux0vXRbb5VWmtcKUW64eX5VLuofaTvyxAIztB7y1YzmekPoK2u1Gn6ig06sPxNAupahbQgrBdsFq2wq8bhys3uq+JNFp6y7XoxNFmorRXBa6utdx2c4Occc84PyMYWuZoatTUzagufKrpb/AFdVwGcnO4/1mPYD6yXSuo06msW1OrrwGCurGt8AlG2kgMM8iGsHmW00/lB/EWfZD6B+r4b/AJZhJ13bh7DjHbiMxN3EZmlGdkTImSiM0hCJiMZiMpKJijMRjBQhCMjjEUYiNIRiIRiIJCMRCMSZUmJV6zShyTvdTjHpfAxn+qcg/tLMTUs7n7mZ3XVUVdGrDbnxYwYMj+WqOpHzKAbvb29pd9O/N+k062JVSe5UE/cibfTvzfpIWprBogWVumjOLkYtXVtK3vm3ljyrk7m+fvFZ1DTpabfwdaWqnl+c1mnVwAp2pu3ZHbGPb7CXP+htJkn8PXknJJrBOfnzJnQ0DkU15znPlrnPPPb6n9zEHKf6bqytYp0q7mKhV1KEd/T8KkZLE8ex+81eo29Qz/sKEBxn+O7H68hB9f2+vHXPUgHpVR78KBz+kpuqdop2OFTo3xcn9oD9+Jm8S6fT26nQ13aryWZdZVRWFJssttp8ncrDhSqu3f3I+U0qmxYh+TKf75n8VeGtRrba7KbErapEStyTvTdcrWsBg87FGPr8oqiVP4f8M16oJqdN1Gi23R26XTVldGy6P/VVfC2VF82OfN3bgwwQMSzPgC0VvUNeNt2jbS2k0eve1732NWQ/oB8xht5wAOZVW/0b6rYUUaZlsXVIqu77dE1l2U1FICeuwUrWv5cFRg4zNxvA2uJsWw0XU+f1C8fxrK7731KLUrO4Q7CtZZcjPYSidj4f6WmmfVstiMNXqfORFUKqItaVisAH1Y2Zz9ZuVW1Lew8zdZf8IAyAlQxtyOOCWPPuxnB6LwFrQKvXpqrE0ttJvRcnL+YU21CpQjqzrm1SpbByvadX4N6EdFpjWyIljvvsFbsyEhVTI3AYJCDgKB9+5BqvB8X6GTMinc/aSM1rsztugYjGYjLTKJiMcRlJRMRkjImMFCEIyOMRRiI0hGJESQiBiSEiJISZUkJwfjbqb6bVVMHKoa23qCQpG5vbsTzO8E88/pU0zGuu0DIUujfTPI/kZz8RHwtcca2iGDpPj/TCorctnmBiSwQFWDMfh57AY74+k7voGqS6sWpnZYquuRg4PzE+f9e/pRRgY9I475nufgRCuh0wPfyKz+4yP7jMcN5tHV2cbgjDk5Y8mTxL1t9KawiK24Endn29gRxKenxezK27ajMCqHYQgbGB693zwe3+cz+P6SVqb8vqX4RgE8/F3zx2+k8v62+E2787ifTk8HtmcuXJk7yYi2jnxUm94rG8uo/8cUVahxYX8rTK9NNKJl7MMVDHJAGF7kke01upf0j6Vk9FNu/3rYKu0Z+YJz/67TjqUrUM1gLMcnJJIJ9Xcj6kHv8AlMourt6yw4GTx9P3lY8s66Pazdl1pim2s8zsum+MbLr6q/JUB3VSd5yDxkjj7/3T03XVs7V7Vu5Q5spdVOM/Cczw3whp2fWU4/IfMY4zhVH+ZA/We71aGm1K3tXO2vhtzDCnBPY/SddXhtU+dyBVrzkl8+cgIJCjZkHtgfuf2y6mmxlVfK1pBy5A1ABHAOwnPPK4HP5jFpE6SzJstDMpDj/WHzkDu3PyHv8A4y9s6nSttdO8G2zsg5IGM5PyGBDvKecEhXrbQoA0tre3LLuwAMM3Pv8AvxLAHgcYOO3ykhI5EsEndv0jMVfv9/8AARmbV2ZzuiYjGZEykyRiMZiMpKJiMZijBQhCMjjEjJCIHJCRjERpCSEiIxEqExK3V1q77WGVKvuU9jnA/kTLESu1KvusZe+FC57Egk/4zO7Sm7yu/wAA6v8AGpUOdJuLjUZHFY/KR33+3bHv85670tQMgDAAAA+QEratSxba9TIfY5BU/r+ks+m92+wmFaxXZvmy3yTrfdPqmgS+s1tx7hsDKn5jM866t4IvspN1RV2A8xK+Q7r8h7Ake2Z6N1E5QVjvawqH2OSx/RAx/SZLWCqT7KPYew+ki+Kt51kYrzjtW9d4l836x9pZWBVl9LKwIZfoRjIPOZStp7dRalNSl7HPpQH2HJ7ngAZ74n0R1n/Rt3N9VVpxxvpDMQM9iR9JSabSdOoJ/CadazYShdaiM45xuPOPf5TKuGKzu9XP2nbLTl5dHJ+GekHS0+sYus9T++0ey5+n+M9H0Y3aYDvupIx88rOS1jANjIyfb3M67pDfwav7AE2q8i2zx3WXvSxbOCoIOSVIIP6HM0KOqaq63zW1LVN5Yr3qzKxQH5jn3JPPtPUvEf8AR/Rqi9i3eQGDMwNeUBx3GCMCeWdS6TqtHjz6XWsqGS3afKdTyDu7An5HkTg7m1PDr5vV7Gx4Jtacu/hqtdN1nUKvltqLLKskANYzAE/c/Uj9Z3X9E5Zm1lhyRioAk++XP79p5j0PSX6yxaNMhtfdvYDGFQdyzHgfLn5z2bpmq0PSqBpXtQXKq2Xk2Inrfty7DPsABnjHzm2Ck80TLHtauP8AqNcfk6uvt+p/nGZj0tgatHXlWUMD9DyP5yZnpxs8mSMiZIyJlpIyJkjIxpIxRmKMFCEIyEYijEAlGIhGIjSEYkRJCTJwkJq29z95siUXVktF29SCMKFDbxggnIDLnBOR3GD+kzuureM2end2+wnOdR1r13fEdmF3KO/Oc7dxAzx9Zd+HgwTDdwP8Zm0bOosC2h3OFC7Kx3L2OcnCjkkBR+5is1ich0KqRzu24x9V3Zx+kh1fQpb5eVLFd2OMpg4JDDcPdRjn2miOkr76ZDnGSKxnBHbcztjHbt9oQJno3tQQFyoHOADjjk4Hb25zOG6j1rUEfAF79++cewK8e47zudUPTjhfhwD2BBBA/unEa3pKacBrNQiDzMqWKIN2G4HpGfizj3KqZMnDnnt82zzVyAgwwLoWySpxhCf6vz9zO96Ic0VfYj+8zg+peVp2U26gruzgM7Yb5nbnGPriW+n8UrR5NIrN2WPmMp5RW9SkDGGyMnuBx3kRaIaxjtbpEOt6u+6sU4z5ud6juaEG6wc/1hhP+YJkTrteBmuwZ4wK9wP2xyR+koNZ4s0tOoVgH1Aeta0evaa19XqCHd62JKZA+SjvLbq/izTaZEfDXb/ZMYTjPrLEBDz8J578cHFc0deq4w30rHLM67N7S9TpGQmndectioKO5GSc4lJ1bq6i87acE7dzCwray4/qggFsA98dsZxLSzxVpxpV1IV23AfwNoFy592GcKvHxdjxgnIzzXVOtaUp+JRHa+2weZpWvA2VZKm0rz6CG4OBndzDmjzLuMltq+OjutAhWmpW+IVqD98DMzGRqACqF4UKAB8hjiMzphxSRijMiZSZIxRmKURGRjMUZCEIQAEYijgDEkJGOI0hGJGSERmJr3HkzYEqus2Mu0gkYZjgHAZgjbVP0LY+/Amd9l1YNXoEdzYGKuV2k+5Azjg/c9we8wXW31CoJdtb17vgzbjG0BSBuP0G3v7d4wSWrJOQaQWcth3twpGQvoPGe36cSPWNuawVLE7wAOR2HdTw32JxObL0rLpwRrkjX30Y9d1a20hvMOnVRwgsK7sdyCdufYeoFBx35mt1PXPcVNzNTs+FF3ndju2FGQe3q/YDnMXc5ySNQf662AhO+OQp+p9WF+XdhMR3His+ec7vWrkVj2IDMP8AqBI7cHicc3md59+/J6daVjTSPfvz+is8RXtaK/xgO1eKdoB3jjJO9tpyMerg/IHnFD1t7GC/is3BSK6QnBReDsJwGAIHwvljt5Ixzeupy34c7mLA2Fx2yRggkcnOeWG854xzOf1G1d3kv+HIbbY9u1V7/Cm8nbggnaecDk8EQ1mffvVrEREfL9vx/Ln9UWJAcjU7WVUUMo8kD4QQoO0dxt+EY95vdMckELaCCxDO2D56kf7Ha+N554A4O7uOCNG7aCwG7S4fBO45s7ZACDK44OASoz3+Gdp4N6VTqNOw1GnHGoLIQSAw2qd2QcMDk/IHPaa16sbXinWVZoBYRnSgpXuIsFi7nY4bs2CzYUkYTa/33LJaALmz8Ep8wcOtiIQEyMKvxJ39nGeBjGGnaX+DtJcys5sJU+zKMrndtOF7Zz9fUee2NjU+CdNcNtllnDlwRsBBIwc+nDHgeogt355OdO7kV43H4+/n5/s5TTVqbXK5GrG4sSo8hbOdzjeSwyDjcwK+o+xGNXU2Ycgllv8AQ1tygBLlzyqhQByDjcOG29sHn0DUeGdJTpn3tYaaqs7cqCNmSMNt3d+wzgZGAMDHn/TNCdRdXRX6d7EDJyEHLEn54GT9ZpjwazrOzy+0+24wVimKNb26Rr79I+ursbfH9ecJpmK+xNgBx9gD/OWXSfFulvYIc02HgK+NrH5Bhx++Jx1/SNK9VzabUNY+nXfYrV7Q6ZwWQ57DPYyjKnAOODkA44OO/wDMTtiIl8jPaPFYrRN5iY+mnrD2sxGc34H6s19LVWHNlOAGPdqznGfmRgj9p0Zie/hzVzY4vXaRImOIxtCMUcUZCEIQAhCAgDEkJGMRGlHIxxGkJhvT3/v+UzRybRqcToprtCOCuBgAAYwNo9gR2E1esE/wwHVQS4IOzL5HwgN8RPy47y/ehT9D9P8AKaOr6T5uNzDC7sYzgkjA3L2I+mZz5aWmsxDow5K1vEy53dn3OnHORvdi49+cKR7DnK/XvMVwH/mDyRncAgJ8w+5OO/0bj6CdJV0Je9thsP5SR8JGcEZz8+3b6SdPQahnc72Z7bmztPzH1+s5Y4e7vni8cePv6/y4TrIGB+IQ7d38Py19TnAzkuwByPn6v03Sh6ozf+Yq6ja4VK62CGonGA5RSy5AxsYH4e4Kgn1fSeGdHUWZayS/xFmJJ5zn759+/J+cyaXw7oas7NLWMjafTn08cc544HH0lRwtvETx9I2iff2eCahzn4xqcMCEJ9NIGMHaDgfLKnYPrkY9D/otKNp79rlwdQSSR7lE4yfi++BPQtL03TVf7LT1V/2KlX+QkOoDlT7cj6TaMPL11cuTie8jl0RqoU+37ZH8psppl+bD/iMxUe0265TBT+L9PjQajaWJCKeXJGAy54+2ZwPg3/46n+zf/wDxsnrF9K2IyMMq6lGHzBGDPJeo6HUdO1QI4KNvptx6XX/24Im2Kekw8Dtak0zYs/6Y01+k6p+GPg12RkfgLc/9ScZmxq9XpDoqsaZgPO1Cov4ok1ttr9ROzkcjj6fWams6+Xrsrr09VAuINzIDufBzjk+kZ9hKdVJIABJJAAAyST7ATXTXrLyJzxSsUp8XTTXT/evjHv6Oq/o7U/iLj+UU4P3Lrj+Rnfyj8JdGOlpO8fxbSGcf1QPhX9Mn9TLuEvouz8VsWCtbb7+okTGYoOwoQhGQhCEAIQhACMRRwCUciI4jSEcjHEaUcjHEZ5jzFCIJZhmRjgZ5gYsxZgC2L8gJIHEUItIGqXmH5zW1mmruUpagsU/lYZ/UfI/WZoo4hNusaS5u3wVoicjzEH9UWcf/ALAn++WPTOh6XTc1VgP/APMJ3P8AoT2/TEsopTnpwuGluatIifkIoRGNuDFAxRkDCEIAQhCAEIQgBCEIAxJSMcRnHFCASjkY4jOORjiBwihAzhFCAOKEIEIoRRgRRxRkJGOKAKEIRkIQhACEIQAhCEAICEIARwhAHHCERnAQhEDgI4QMQhCICEIQAihCMEYGEIEUUIRgooQjIGEIQAhCEAIQhAP/2Q=="
00000000012,Ортопедия,Слепочные материалы,Huge - А силликон,Perfit huge,А силикон,"Perfit Putty + Perfit Light Body, А - силиконовый оттискной материал (Набор)",2шт,Синий,Китай,,2шт,,шт,10.0,28000.0,https://heliy.kz/upload/resize_cache/iblock/1f7/450_450_140cd750bba9870f18aada2478b24840a/1f71a833ea884c73fae66e5fa4aea744.jpg
00000000013,Эндодонтия,Распломбировка и расширение каналов,I-EDTA,I-EDTA,"Для разрширения каналов, эдта гель, обработка корневых каналов",EDTA гель (крем) - гель на основе 15% раствора ЭДТА для расширения и очистки корневых каналов.,"3,7 гр",Розовый,Литва,I-Dental,"шприц - 3.7 гр, наконечники - 5шт","Для расшироения канала, эдта","Для расширения канала, эдта",10.0,1500.0,https://dentverses.com/media/image/1059/i-edta-gel.jpg
00000000014,Полировочные системы,Диски абразивные,Diamond flex,Diamond flex,"Гибкие войлочные диски, используемые в сочетании с пастами и абразивными составами для полировки реставрационных материалов и зубной эмали",Подходят для неровных и наклонных поверхностей,24 войлочных диска (8 мм и/или 12 мм),,Бразилия,,1 шт,,шт,10.0,7700.0,"data:image/jpeg;base64,/9j/4AAQSkZJRgABAQAAAQABAAD/2wCEAAkGBwgHBgkIBwgKCgkLDRYPDQwMDRsUFRAWIB0iIiAdHx8kKDQsJCYxJx8fLT0tMTU3Ojo6Iys/RD84QzQ5OjcBCgoKDQwNGg8PGjclHyU3Nzc3Nzc3Nzc3Nzc3Nzc3Nzc3Nzc3Nzc3Nzc3Nzc3Nzc3Nzc3Nzc3Nzc3Nzc3Nzc3N//AABEIAFwAXAMBIgACEQEDEQH/xAAbAAEAAgMBAQAAAAAAAAAAAAAABQYDBAcBAv/EADcQAAEDAgQCBggFBQAAAAAAAAEAAgMEEQUSITETUQYHIjJBYRQVI3GBkaHBNEJD0eEkJUSCo//EABkBAQADAQEAAAAAAAAAAAAAAAADBAUCAf/EAB4RAQEAAwACAwEAAAAAAAAAAAABAgMRITMSMTIE/9oADAMBAAIRAxEAPwDuKIiAiLBWVlNQxcWsnjhjvbNI4NF+SCudKsdqsPqm09K5sfYDi7KCTe/P3KMo6fpVjHb9MmpID+pJ2Cfc0an6DzWLpHfF+kMRwmspnvysawZiTmBJ2AKdIKjpXhNLHUVmLU7GyScMNgYCb2J8WjkrOOPiSc6s4ycknOtPGejPSOnilqJa51XDG0vd/UOvYak2ctzqrqJXy4jC6Rxja2NzWk6AkuuR9FWarE8Rq4iyrxiqkY8WcwOIaR5gGyn+qn8diVjcGKO3zcpM5ZqvySZ45TXfk6SiIqSkIiICIiAoXpRh7sTp6WBrbtFQHu1AsADz87KaWCc6s+K9l5evZeI3BcIdQyGZ8rs2UtyWbltv4C/1UD1oyH1bQxxWfMKoP4YFzbI4XtyupWs6T09HVGnm4MZLnNYZpgzORuBdRWMVklZauayVjYoGzAROcc2UuLSbOb2d7g76bWUmu35S13r8ZSue12Jy1UbWPjgbl1zMjDSfkrV1RTCWuxABgaW08YJH5u07VUVzrkm9/Mq9dUtvWNXa1zRRk2Fvzv8A4V3dJNVXN3rrp6IizWeIiICIiDwrXqT24/j9lsHda9T3o/j9kFEr6J+I48aZghLRNJI/igm7RcFo08c19xa19VrVVK+koZYpiJQymlba9798gAZTtyu3Y7202MUpJZcWklbmAZLJ3ZCw9rS4I5brDXRzR4c6OR5kPosjRbvPPtCLHOADYHUh1wDz1mw+02H25/dXnqjP9zqbEfgmeFv1HKh3V66oy71rUZh/gttvtxHeX7/te3+urW78V1NerxerLZ4iIgIiIPCtap7zPj9lmkcBubKPrpTwiYHAyNGnZzcvAIK1VdmvqbakynYea1sVYXxsEk08MMUTpHPhe+N7dT4tY4nQXseXvtY4IzPM0zx05JJzh1I4F3+xNgq90/lbhlOJhT+wnj9GaY5MuV5bIb5RuLKbX5ykSa73JzC+u9/NXXqglEmNVLQD2KEN/wCl/uqOrz1U8KPHarI3Jej11vftNV7+j11b3fiusovhjwdiCvtZagIiICIiD4kY1w7QUXUR0gquAAwTFmfLsS29r/NSxF1ifSwSPbI+Jhe3uuLRce4oISvlpaLgB5nzzktaGSv3+CjK6bBK2oho8RyzMMoaxs85cGzWNhvoSDYK4cFmXLYZeSwHDKI5r0lOc3e9k3X36LqXjqXjn+N9HsIo8QpuFTQtie9gkjfmDGgki5eNQSdB5qeZhOBYHSyVdNQNhLbB3CDi5wuOWp5qzPpYXsMb4mOYd2uaCPkvtsLGizWgDkBZe5Z3Kcr252ziPwaopa6kbU0b80TiQDe97aH6qTGy8DQF9LhwIiICIiAiIgIiICIiAiIgIiIP/9k="
00000000015,Адгезивы,Адгезивы,I-BONDING LC,I-BONDING LC,светоотверждаемый адгезив на водной основе,Для адгезивного соединения в пломбировочной терапии,5мл,,Литва,I-dental,Флакон  5мл,,флакон,10.0,3500.0,https://dentalshop.kz/dentalshop/images/i-bonding-lc.jpg
00000000016,Ортопедия,Слепочные материалы,Бетасил А силикон,"Базовые материалы. Применяются при одноэтапной и двухэтапной технике снятия слепка. Удобно смешивается в разных консистенциях, легко отделяется от слепочной ложки, имеет твердость по Шору",Бетасил А силикон,Рабочее время: до 2 мин.,,Синий,Германия,MULLER-OMICRON,,2*300МЛ БАЗА + КОРР. СЛОЙ 2*50МЛ,шт,10.0,30000.0,https://dentalshop.kz/dentalshop/images/1356046734_prev.jpg
00000000017,Адгезивы,Адгезивы,PQ1 - Бонд,PQ1 - Бонд,пекью бонд,адгезивная система 5-го поколения,"1,2мл",,США,Ultradent,1 шт,однокомпонентний,шпр,10.0,12000.0,https://images.prom.ua/3258320905_adgezivna-sistema-v.jpg
00000000018,Анестезия,Анестезия,Ораблок,Активное вещество: артикаина гидрохлорид 40 мг; эпинефрина гидротартрат (адреналина тартрат) в пересчете на эпинефрин (адреналин) 5 мкг,ораблок,Бесцветная прозрачная жидкость.,,Прозрачный,Италия,PIERREL FARMACEUTICI,1 шт,Ораблок (артикаин с эпинефрином) - комбинированный препарат для инфильтрационной и проводниковой анестезии в стоматологии.,шт,10.0,18000.0,"data:image/jpeg;base64,/9j/4AAQSkZJRgABAQAAAQABAAD/2wCEAAkGBxITEhUTExMVFRUVGBgXFxgYFxcXFRcYFxcXGBYXHRcYHyggGB0lGxUWITEhJSkrLi4uGB8zODMsNygtLisBCgoKDg0OGxAQGy0lICUtLS0tLS0tLS0tLS0tLS0tLS0tLS0tLS0tLS0tLS0tLS0tLS0tLS0tLS0tLS0tLS0tLf/AABEIAOEA4QMBEQACEQEDEQH/xAAbAAABBQEBAAAAAAAAAAAAAAAAAQIDBAUGB//EAEcQAAIBAgMEBwMJBgQEBwAAAAECAwARBBIhBTFBUQYTImFxgZEyobEHFEJicpKiwdEjM1KCsvAkc8LhU2Oz0hUWNUODk6P/xAAaAQEAAwEBAQAAAAAAAAAAAAAAAQIDBAUG/8QANBEAAgIBAwIEBAUDBQEBAAAAAAECEQMSITEEQQUTUXEiMmGBQpGhsfAUwdEjM1Lh8ZIV/9oADAMBAAIRAxEAPwD3GgCgCgCgCgCgCgCgCgCgCgCgCgCgCgCgCgCgCgCgCgCgCgCgCgCgCgCgCgCgCgCgCgCgCgCgCgCgCgCgCgCgCgCgCgCgCgCgCgCgCgCgCgCgCgCgCgCgCgCgCgCgCgCgCgCgCgCgCgEJoBM45igInxaDewoTQ1cap3XPl+tRYpgcVyX1NLGkhnxrqLhM3cNT77VKFGPN0oIOUIb/AMJsreh3+V60WNsprXoU36VudwAPf+dhcelW8r6keZ9BibeLkFw6kaBo3YgE77gXB4aFTVXi9GSpp9jewO0XIGokHeMj2/pY/drN2uS9XwaUWJVu48jof9/KhBNQBQBQBQBQBQBQBQCFgN5oBnXDn7jSyaEMw7/SosUxPnA5H3UsUIZzy99LFCGc8hUWTpMg7ZnVJHliWBEuczSRuhQfTLZ1y+Bq9LZJlN+6KMvSKdYOucQRDMLM7S9SYjukMgjyoTfdcjd2qvoTlSv8iNW1lqXbIzuBOv7Fc0qCOTrBxDKo1ZSBwDdxqqi63LOSK/zhwesMuIkAAPVpAcro9srANrnHHKw03peppcV+pW+5SaOcs7vHiOy2aICaNCRYaKLKLG+qzm4PLQ1OyXI+JvctYjAseuHUoVLKRnnlJfMAXF1uYCOAF15b6qmti1P0BsIy5jbDLIzAFupks0Y3K1zd3CXGYva+ttbUtEccE2ELoxHXZ0tZFEUSqqjnka5febiwtbsg3vDdosrXLNeOQHcG81YD1Iqpa7JDUMlFfEYeOT20DjvFx6UUmuCdIi4ZBujGncPjTXIaUToncBSyKQpYcxSyaYht4+V6WK9R6SEbr+e6lkOKJln56VYpRKDQgWgCgCgCgCgKmOfLlPiPL+xVJui8B41oiWMZD/FbwA/O9BsRtC2nbO/W/Kx0GW1tbHj+dKJb+g2TCXN87gctLbvrA86mkQ2yP5pHxY8PpkbvAiljclSNALDcd97tf1vUWNL7kUGBgHsxRi2otGo9LDSp1NkaUiSfCK7BtzroG1BAJBK6EXBqUyHEbJgs3tMT5L+YPf60DQDApv1vzzEH8NqWST9UOV+Guum/jQkRIFX2VUW5AD4VBFElCRLVIC1AI633G1QxZGY+ZPvqKLWJkHJj6D9KULHBPqj1pQv6jwtSkVtgakgLUJAaUFIkWU+PxpZXSSo4NSVHUAUAUBR2o2g771nk7GkO4zBycKrFlpepaYcq0KkOVv7NvhUE7CdSef8AfuqKJtAoUcQfOmxDsVWXgPdap2Idjg4qbFCFzwFQEhVLcv799LAq3429b/lUkDqkkKgiwoLChIUIsKASlAUL3VIsgxGKjTV5ET7TKvxNWjjlLhGU8+OHzSS+5mYjpXgU34mM/ZJc/gvXRHos8uIMxl1/Tx/EZeJ+UPAr7Jlf7KW/rIraPhmd80vuc8/FMK4tmZiflQjH7vDMftuF/pBraPhT7yMJeL/8Y/qZ2I+U6c+xBEviWb4EVvHwrH3kzCXiuXskjPxPT7HOp7aoSR7CqLDW9r3PnetY+HYYtWr+5zT8Q6mUvmpe39zqOgu0cS7wmaQv1iyEX35AQFJPEkhvK1eN1uiOfRBdt/c9voFkeHXkd29r9D0Kuc7AoAoDP2t9HzrPJ2NIdzHixDjEhLjq+qva3a6zPvvyyg6VSlpLdzoInuKumVaGzKdLX8OdSwhnUUomw+bczf8AvvvUUNQ9YgKtRDY7IOVALQgKEC2oTY0m2+wqVuQ5FDEbawqe3iIl8XW/peto9PllxF/kc0urwx5mvzMzE9ONnpvnDfZV294Fq2j0Gd/h/Yyl4jgW139mZeI+U7Br7KTP5Ko97X91bx8Ky92kYvxSHaLMzEfKr/BhfNpPyC/nW0fCf+Uv0MJeKyfEV+d/4MzEfKbjG9hIU8FZj+Jq6I+F4Vy2zGXiWd+i9l/mzJxXTjHvvxBUfVCr8BetY9F08fw/mYvq88vxP+exmYjauIk9uaV7/wAUjEehNdEcWOPEV+RhLJKS3d+5E+FdQrMrBZAShIIDAWuRffvHrURyxk3GL45InjnGKk1SYwLWhnY6OJmOVQWJ3BQWY+Q1NVlKMd2yYxlJ1FWLNCykhlKkDUMCpHLQjS9UeaLVx3L+VJSqSobV4ztWZvZl3Y2zjiJkiGmY9o8lGrN6X87VlnzrFjc32/lGuDE8uRQXc9X2ZGBj1VQAscCgDkLvYelq+RcnLLbPrlFRhpX0OwrUqFAFAZ+1vo+f5VTJwXgcn0mwrLkxSs/7HTKoU9o3Cv2iLjtFSOTX3gUxtVpfcZNtza6NbUE0Svreyh7ixz5FZtP5qq1odFk9SNrrV3XFWTK0KXHMVII2xCDiKkEbY5OdQRZG20l4UBE20+QoRZQ2tt/qYpJTuRSQOZ3KvmSB51pixvJNQXcyy5Vjg5Pt+55DieleOk9rEy+AYqPRbV9NHpcMeIr8j5yWbJJ7yf5szZ8ZI+ru7H6zE/Gt4pR4Rk9+SKrWyDZwfR1zGssskWHjf2DK2VnG+6rvI8bc91cGTroxlogm/Y7YdHKUdUmkiLbOw5MOFcsjxSexJG2ZG0va/A2BPEEA66G2mDrIZW48NdmZ5+lliSlyvoU4sFI2a0bnIvWP2T2UsTmN+HZNudja9avPjTW/Lr7mSwZH2L2E2HK4QkxRiX931sixmS5sMim7EXI1tY3FY5OtxxbSt1zW5pj6PJKm9r4s1+jey2WTGRSBA6YeRbsRlUsBZs1jYWINxwrk63OpQhOHr7fY6ujwOM5wlWy/8ZUTY0MkEkkMzu8ADOrR5Aym92TUnSxOuumoF62fVZI5YxnFJS43Mv6XFPFKWOTbXPoamIwHXjZcF7B4jcjeFsrMR32U2rmx5vKebJ9f8nRlxeasONvkTY7QT4k4f5rCITnAbL+2UICQ5mJzX7P4h5s0cmPD52t3t3237IrhnjyZnhUFp399u5WjDRbPWSEsGmmZZXW4bKtxGl11UE9qw33760bWTqXHJVJWk+N/3KKMsfTasN23Vrmv5sZ+3PnGaNcS+ZxGtlPtorahXNgc3GxJOvfW/SrFUnjXf7fY5urnl+FZHvX3+5m2rsOKz0H5PNl5Y2nYaydle5AdT5sPwivC8Tz6pLGu3Pue/wCE9Ppi8r77L/J0WxDfaM31Y0H4VP8Aqrx4u8r9j2ZfKdfW5kFAFAZu2WsEPC9j52H6Vnk4NMatmViYI3OSQ3WVDGUJ7JscwsODWD6/VHIVVNpWidm9zC2JiHwkzRYmVcshsvZsDJoc+beAyWXXQGPvrWUdSuJRPS6Zs4icmaQX9jJbuzLc/lWEeWXY+5rUzC1AQT4qNPbdF+0yrwJ4nkD6VNENpFSbbmGUEmZSAGJK3cAKCzElAQLAE68qsoSfYh5I0QYbpFDJKsUedi30spygZM4N7bjoOFiRzqXjaVsrHJFujn/lI2lYJh1O/wDaP7wg9cx8hXqeF4d3kfbZHl+JZuMaf1f+P56nCZa9o8mwC0sWXNlwK80SP7LSxq32WkUMPMEiss8nHFJx5SNenSlljF+prdN2ZsZIG3KECcLJkVtO7MW871yeHRXk2ud7/M28QbWWu1Kiy3Z2OQ/05j1XgLFiO66y/e76xq+u+Hst/wAjoUmui+L12/NEvT7GP1ixhiE6lGZQSM5bOO1b2uyoAB3a86eHYoOMptW7f6U9vTkjxHNJSjFOk0T4nZRglgYgSKBEWxU8hMQGb2UUsFAA9kHMe0Lc6xWXXCabrn4UuTZ4dE4PlbfE3/PyFk2lhxidoF5LpLHkUx9stdEBCkaE+JA031KxZJYcelbp/kVfUYlmyOT2aozFxUMEE0cTmaTEAKz9WY0SNSbgBjdma5HIeWvU4ZM2aMpqlHeuTjWbFgxShjduX6IZPtpr4ZoxkbDRqgJIbMw3m1txFxbkavDpVU1P8Tspk653Bw5ihZ9tOesyRRQmW/WNGrB3B1YXZjlBO8La9I9HFVqbklwnwVn4hJp6YpN8tclPB4+aK/VyyR5t+VmUHvsDv799bZMGPI7nFM58fU5caqEqRXNySSSSdSSSSTzJOpPjWkUoqkZzm5O5O2WdlYAzSpEumc2vyG9j5AGs8+Xysbm+xfBjeXIoLuz1/DwhFCqLKoAA5ACwFfLyk5Scn3PsscFCKiuxU6La43FHy9Aq/lWEP9xmk/lR2FdBkFAFAUdrJdQLXubeoNUmrRfG6dnKbYciOPEICWjNi2fLaM2YtqCCeymlvpMLi9Rif4WTm/5oc2zeuSCVkEspWOOZiQjZLMXNluoZXbNlHEEbqtqatFauhuzjefFG9wJVUfyoF/I1hDllpEu1lXqzmlMX1wbW3391/DfwrohyZzWxjGGKxZpZH6y8mZQIwGhzNks2uvWEBWBBVVBJHtXcn6Ge3co4SKBUCph8Q5mUsDc5ULh4n/aoOzqgN7bnUjQaXbbd2UuKOih2PhwVcQRhhqOyMwJOY6nW9zv31lrl6mmlcl1mCgkmwALE8ABqTUJOWy7htR3fbf8AI8e2tjDPM8p+mbgcl3KPIACvqcGJY8aj6fv3Pl82TXNy9SqErUysULU2RY8L/YqrV7MhSp2jebpGzhevw+HndRZZJEOa31gNG15WFcH9Cov4JtL0PQ//AEbXxxTZQ2jjZcS2aTtZRYKoska8go9kd510GugrfHixYFXr+pzZc2XO9VceiIsRiHkOZ3Z2sACTfQbgO7U+tawhGCqKMMmWeR3MhWK3C1XpLgo5WOy/p/tUa1dWKlV0bWy9kqyhminmYjMIorKAtyFMkh3ZspIVe1YX4iuDP1UlJxg0ktrZ6PT9ItKlJNt8JfoVMLgTKZCMkSJd2zF8qKXyhRozNqwHPSt551ihG7bf6nPHA80pNfClz9C3/wCCASKplUxmH5wzqraRdrcrWJJsAL21YVn/AFnwNpb3pS+pq+gSyKLltWpv6fQkj2ZC4heMy5XxCwSJIUzdrK1wyAWBW4PI8dNaf1GWDlCdWldovHp8E1DJjunKmmG29mLAgUIrdZJIwe4cIiSMFhVtSGGhY79wubGo6XPLNK5OqS29X3ZPXYY9PBqK+Z8+i9Pf1N/oBs3KrTsNW7CfZB7R82Fv5a5vEs1tY19zq8GwUnlffZHYKK8o9xGd0H1mxTc5H/rP6VjidzkWn8qOxrpMgoAoCttAdnzqsuC0eTHEYXsnVHYjLa47Vib91833qzLmXsPNBM0EjghjdCRZncAZ2J0BLKU7IGhR99Xl8SsqtnRl9Ep8z4v/AD3P43FYY+WSzemiVhZgCORFxqCDp4EjzrdFWrGR4dFAVVUKNwAAA1vuGg11qSNCRLUECEUBznTvaHV4fqwe1Mbd+Qat69lfM13+H4teXU/w/ueb4nm0YtKfP7HnWSvoUfO2KFoLHBKEWOyUsrqJsLAXdUGhdlUHlmYLf31nlyaIOXoXxQ1zUfVm/tPbMsErRYZuqihJRVAUhymjM5IuxLA3/XWvOwdNHLj8zJu2el1HWzwZvLx7KNKv8ljaWzYDiZmZWVPmhxOVDlIfs3t46nXS7XrLHnyLFGKe+qvsdWTpsMsspSX4b/nuUJYI5cOHSFY5EmSIBC1pBIpspzNfNcDtXv4Xro1TxZdMpWmr9vY49OPPgU4wpqSXuacc7EYyNpMwSCQGONbYaIqQAq3N8wIOoUbm1PDlaS8tpcvlv4nZ262/Njf4eEvhXsQjBO/zOVLCKNIy8lwFjkjYLKzMTocqIO8KAKunCPmxkvib2Xr7Gahkn5M4fKlu/TfeyrisShTFOrC88tkQe2EEhlLsPog9keJPKtsUJascWvlVt/ajmz5YaMuRSXxuku+3ccdpx5l7LMhwqYeQDste3aK30uDbfodahdPNxb4eq0RLrcUZxq3HRpZD/wCJZDEIlIWKTrR1hDM8mnafLYDRQoA79TfTXyHPU8j3arbsjH+uhj0Rwr4Yu9+7GYLrZj83VuzLIHIyggNqWcE6rpe9jqNPGZwx4v8AVfZV77FMWfLnbwx4k79j0/DwKiqiiyqAoHcBXz8pOcnJ9z66EFCKguESrUFzN+TkXSRv4mv6kmscG7bJnwjsa6DMKAKAgxnsmqy4LR5MjGIMubgN5G/KbXPkQrfy1mi0mV5dnq88OIKjrIyysd9gVkXS+6xc99mqdVJoit0zjOgkn7fGL/zZfdM361jj5JZ2Vq6CLEqSrAChAtqghnmXSvG9diWIPZTsL4LvPmST4Wr6LosXl4Uu73Z8t4hn8zM64Wy+3/Zkha7LOEUJRkWBsN54238eXvrOWaEeZI3j02efywfrw+BOtXx8PMcdN4IrGXW4lxL+fxHXHwjrGrcGl9fZP37rarZJhMSQ6su9Cri+66lWXdwv8KzXUxzN40nujfL4Zk6KH9ROcdmqSe73afp6X7M38XJgZJDMzTds5ngCDVtMw6y+UKSLnjqbW3DGEephDyklXqUyT6KeTzpSd+lC4TaheXFTyZAXw8oCNYodYlSMA2zCwtbQnXdeozYNEIQXqX6Tq3ly5csv+Oy7dzPxOOLKiIqxIjZ1CFies/4hZyWLACw10rrj06TcpO2/tt6bbHn5OtbjGOOOlLfb1ExO0JpLl5GOYEMBZFYG18yxgBr2G8cKQ6bHHhf9FMnX558yKJkQsRpdRc6btAb33biK1emzHTkUE+z4+v2GfPY72DZja9hqbXA04b2Ub+Io8kS/9Llatql9SN8eQ+UROxNyCB2bDOBci+pZAP5gar5n0NY9GnHU5V/F/n9C9CrFQSLMRqOR5VZS23OScEpuMdzs+hGzbBpiN/ZTwHtH108jXk+IZraxr7n0HgvTUpZX60jrBXmnvjMQ+VGbkrH0BNQ+Ait8nSWw58R8P96ywdyZ9jq66DMKAKAhxfsny+NQ+CUUF3ViaUV8Jo5FjqTfXiAuU680K+amp7EJHnHyev8A4nEjnJP/ANUmsYfMOx31dJUDQqFAZvSLH9TA7DRj2F+03HyFz5V0dLi83Io/n7HH1ufycTl34XueW9qzWFuA4HXS9+Omunxr2teSUZpKuy7fe/14PDx4+nhPG5SuNpy9tnVLjvHl/YQwubDhu9q17WueHD4VytdX67L68/Xi/Q9NT8Lcm1fxanWl/DfCq623qrXFsu4rZcSxF2nRnyqxRe2cpW2mUksLNm3br30N6xhG51OTr3+hv/VacSn0+CMZc00n3vv/AD0rgowLG97XNufEE6Ebri6b+413Y+lxK+/v/PoeT1PiXVpRTqKS2r0rdd/W37lyOFNxBHkCNL2005n1rWOGENoxRwZetzZXqnN37/sXIsCH9mVCeTXQ+8W99HlceUzJY9fytffYzcUzq7p2BkIBYsCoJLA3AIsLrlFyLk6cL1/qYs6l4fNRTl+S/wA7iYk4hcv+GcFo1clgQqsQbrrbUELx461bzk/lIXRRjbySaSbXuvUjkhnJGV1Av2r8hktlGtrkSDwI5VZuRnCfSqPxJ3/77fQnjwTZcrOxOZWuCQdMpK3OtrqTpbfRLbkzlmWq4RXFf9kEmIgzuWY3AKkFTorZQToLgHIoue61r611K2zpWLqNEYpbc/4/cjixuHWwjiY62GRABcW1BP29PHhcU1R7Evp8898kq+5JFjp3uEiHG2YMALEDKc2WxAN76jhzNV1Ms+lwRduf8/U09kYLESSBHKdo2AUHs6r2ieIADf3urOeiLk+xTy8eWUceG7bW/seqYeAIqoosqgAeVeBKTlJyfc+tx41jioR4XBMKg0Ke2nth5j/y396kVWfDCLHQZLYb+b8hVMHyk5OToq3MwoAoCPEJdSO6oatErkz46wNRjKRIrAaHst3cUPrcfzVJB5Z8n7Wxs4/52JH45P0rJfOQuD0YiuiyohFSBKFDhum2NzyiNTpGNe9zv9BYete10GLTDU+/7Hzfi3UKWTRHhc+//RzAWTrDrdCVt7Ogs+Yc9+XXv5XruV6rPNcoSgvXf19V/wBi7E6MNOzZ2CgZtReQjMCq5S1rX+lvzWO6+nH1E9C9z2OkzRnKo3tXov27enodTH0RiBLM8hJZ37NkAeXKJWUWJUMqhctzYXtrrXF5jO52YE+zFgd0UWAbTedN62vuFjuGmpr1sMlKCaPm+tnN5XGb4ALWjZyUKEpqHBAnSCWB2EasbHKntZXZVLuvskaGw04k3taufIoy2aPX6XFOMFPXXd+3buaj9IMcxsEhTW2chiBZpFF1zHMCAjacGt3jmfS+h1f12DbU7f8A4Wn2DPiDmbEKiErYJZjpa4LBU321t37r2rLzXj27nRHHiybqKLn/AJQiAW0khZGZgWN9WvvA32zaVMerkuUUzdIpWoOr2KE3Rcpc9WJAb3Ju51INrNcgXANtwtW0eoxy+hx5On6qFJbr6bDFgt3d3CttRxaZSe5MsNV1F1Cjoui2zrZpSPqr/qPwHrXB1eW6ij2vDOl0N5H9joq4T2F9Ry0JM3pKbYaXvCr951H51TL8rC5NbonHlw6jz9QDUYflE+TZrYoFAFAFAZzJZiP7tWMlTNU9hwqCTx/oZ2dpYgcsViB6ySfrWP4kRHuem10IqxDUorZW2hihFG8h+iCbczwHmbVpjhrmoruY58qxY3N9keZSEsSW1LG5Ped9fRxqKpHxEm5Scn3Dq6nURoOl6KxWRm5m33R/ua87rH8SR7XhcKxuXqbgFcR6lWYHSXB6rIB9VviPzrv6TJzFnj+J4FayJe5iCGuzUzy9C5JFjqLLUiQR3quotW1Dkg1qHJiMIpl7CSMhup8RwNYzipKmduGcoO4nT4dgyhhxrzpLS6PfxyU42iXJVbL6Stitnq/Czcxv8+daQyuPsYZemjNcUzJGzznCW1Jt/vXS8q06jzl0r16GdZBEFUKNwFq82UtTs+ghHTFR9B9QWFFCTJ6VH/Dkc3Qfiv8A6ayzfKTHk6Do9HaEd/5KF+INXxKoorP5madaFQoAoAoCpjF1B8qzmu5eDIxVC54/sjsbYxK8sUx+81/9VYPaRCPTmrpRUbUkbHLdMcZcrCOHbbz9kfE+Yr0uhx7Ob9jwfF86tYV7v+xzQSvRs8Rux6xVGoaH6nT9HorRfzH8q87qpXkPd8Phpwr3ZqAVz2d6RDi8NnRl5j38PfV4T0yTMs2JZIOPqcuMORcctK9LVe5895bi9PoPENRqLqEiZYapqNI43Qog7qOQ8tk0GHJIAGvhVJTo2xYnJqjosJBkULXBOVys9rDDRBInC1U1Fy0A6KAZs3dYVEpbUWjBatRPVDYW1AFCDF6U6pEv8Uq+5W/Wsc3BePJ1+AS0aju+OtbQ+VGb5LFWICgCgCgIcUt1Pdr6VWStExe5VWsjU8exPY23iv8ANjb1SM1jPkhcs9SkGproRXuQzOFBY7gL+lXirdGc5KKt9jg8S5kdnbexv4ch6V7MKjFRR8plk8uRzl3Ejh3VbUUWPuPENRqL+Wjf2Ito7fWP5Vw9R856/RL/AEkvqaWWsLO3SxctLFNGNtLDgPe2ja+fH+++uvFPajy+qxKM79SKPCk7gfSrPIjOOF+hZTZ7nhbxqjyo2XTSfCLMWy+Z9P1rN5/Q3j0fqy9DAq7hb41jKTlydcMUYcIlC1U0odlpYFtSyUTVQ1C1AKBQkLUBi7fW8uGTm7H0yj8zWOXekSvU7VBYAcq6DMWgCgCgCgA0BQVbactKxqmbJ2jx/peMm25Prxwv+HL/AKKxyLuV7nqDn3/pW0eCHyZe2yxXIoJzHXwHD1+FdOClLUzi6zW4aY9/2MQbPf8Ah+Fdvmx9TzH0s12Jl2Y/L3iqPNEuulkTLspuYqHnRoujbL2BwmQHW99awyT1M6sOHy1TZbArM3Fy0AjRg7xeidEOCfI61LJocFoKFtUEpChaEjrVIEJoB0a8aqy0V3H1BccBUEmdjdu4WIBnmjANwLHNqpAI7N9xIFXUJPsU8yK5ZQPSMyPkw0EktmAaSwWJdxYFid+XhwuN9wDfyq+ZlfMt7IuYpM2OwyW3K7eVx/21yyXxo27HX1uZhQBQBQBQBQFadbG/P8v7FZzW9mkTx75TI8u1oX4Ph1Hmkkl/6hWGTdC6Z6RE10RuaKfwitYiRROLUm+o8RXSoM5HlT3JFIPEVDRKaY4CoJFtUWHY4LSxQoFEyRctLAtqWBwFSSKFqBQXH6UCDN3efCoomwOm/wAvAC5qSKMSLpPhGygSMxkHYspUvc5dC1lHrfhv0rR45VdFFOPDLr4+clljwr9kKQzsqIxZc2VSL3Iva+64teq6Fy2aKT/CiPaDYnq1zyRYZbHrJCVGU3OXKGuL2C37dhmNi1r0jp9LFyfOxisMFMEVpsTjyrOw6pZJIyXKmzPGOqsMlgGewBO+9X+JXSSKOMXs22aODw0oIaDZ8UJ/jnkTrALADswiQn2RpnG6q2vxSf2LqHpEurszEvbrsYw5rh41hU9xdzJJ5hlquqK4X5ltLfLHbC2VHHjWyA9mJSSzvI7MzMCWdyWJsBvNZNuWS36E0kjra0ICgCgCgCgCgIsQunhVZLYtHk8j+WOLLicBLwImjJ84mHxasJcUTLk7KGW+Gh+tGvuGta4Ve5TM9qK3U106jjcBmMYRRvIw0jVnPOyAsd/hRO3SJ06UZHQvpB8+w/WgCORWKOurBSNV4gkFSPO/Kr5sWh0WSqVt7Glj8ZiYVMnVpKii7ZWKMoG85WBDWFz7VceScoLU1aPS6bpcOeSgpuLfFq4+1qnf2E2L0mhxDZFur2JysN4G+xBIPx7qrjzxm6XJt1vhXUdItct4+q7e50Ea1pZ5yQ4KKE0AAoKBl4bjSxSI2A1zaDSxvvPlVt+xV0uR500Ot76geyKfVB+jKe0NqQQKDPLEiaWLuqliO4nXdUxi3xyRqXBSPSJWuIYsRiAd5WIxxgHlJNkRtORNXWK+XRV5K+o7Bx4qw6rD4XDgKFVpGaZwq+yCkaqCBwHWaUk43u2TjTrZFkbKxD/vsZIeawImHT17cg+/VHKPZfma6W+WPwvRvCIwfqVeQbpJc08v/wBkxZh61DnJk6EaoFVLUKFqALlogJsuL9tM32F9Fv8An76lLeyrNWrEBQBQBQBQBQCEUB5j8tWH/wALh5P+FiVv4Ojr8bVzy7mkn3NjYJz4WE/Vt6E1phdRMpq2PxMzLuhmf7HVH3GQH3VaU67Nl8PTLJzOMfdtf2ZznSLbvWQzQNhcSpljkjBZAoBdWUHeb2ve1ZLq9LT0s9PH4I8ivzofZtnB9D8S+z3cpIrmQBWRhZcwPZNg18wuwt9Y1fP108vEK/U7MfgOCG+TL/b+51mOO0cQpWW0MdiSHKwJZRmJbMc5AAud4rjaz5VR045eFdE9Sdy/+n/g0ujOz8Nh3VzL1szoxTKrGMLaQnK2656iQXYj2SLDj04el0O3z+x5Pifi76uPlwVR/NuuN+y+h0Ox9sJOeyMpaNJB2g1wzOANNLjJfQn2u6uicGjxoTTddzXGulUNbM7aG3cLAcs08SMdylxnPgg7R8hVlBvhEOS9SqdvFx+xwuJmB0zGMQJ64goSPAGraK5dFHLYhlk2gQNMLAugUdvEuBz/APbUH71aRjBvv+xSU5RXAxtilr9bisViE3uBJ1CeAEAQkdxJqbXpTKNvs7XcsbP2Xh4SZIIIkJ/hQF9OJf2ju4njRyk1TZVPfUvyLiG50YkXBIJ9o/pUP6hO38L29DWRK5zuSofloSRYnFRx/vHRPtMAT5HfUWCNcdm/dxyyd4TKv3pLD0vSxZKsOJbhFGO8tI3oMo95qaZGolXZJP7yaRu4ERr+Cx99NJW2XsPAqCyiw9/mTqasCWgCgCgCgCgCgCgOL+VnBdZszE/UVZh/8Tq59ymspLcut0U+gz9ZgYrEixN9N4ve1RidIiavZG5IB9IWAIIN95rVeqKSXZiO2U67rjKANQaJXwJPTszy35ROjkeFxEm0OrWSKUdtCqsFnMkZubqwCyKHFyN5bUFlrtwT1pQfJnNaeC30GX59DI6ykMIeonB/eZnM8mZbalLzlVJa/wCyOl7GozXB0/zKQXodPitmhCjRQNLNcrHnmVBEoaR9ZLZ2U9a6nRiw0a+85J829u5F3S7kEWzcSGVWfC4fKtg8cb4idR/CJ52FuA9irXGrVv6EatL0S/M0I+j6SC882JxA4CSUpG3jFDkQjxU1m5OOy2+25ovi3Zp7O2dDAMsEUcQP/DRU/pAvVHJvuWLQHpUUSQ4gEdpd9rHwq8a4ZnktK0U/s6WtoTfMfCta7M5br5SLETouruqE3vmZV8gDvqG0uSUpPjkl2dPnOaOGV7CwshRT35pMoPles5ztUjfFD4tTRqrBi34QwjvLSt6DKB76xpnVZKuw7/vZ5pO4N1afdjAv5k1Okiy3hNlwRfu4kU8woufE7zUpJAuVICgCgCgCgCgCgCgCgCgCgKW2MGJoZIm3SI8Z8HUqfjVJrYtE83+Sty2z+rckGOQqxvazAWK+oqmN03QlvGjrpZN5cApfsnffl7q3UfTkylJ18XAzrityDnLbl/hG/cKaU9uCupx+tlfEYdJUeLLdXBEgbcQeGvia0XwtNlLUr0/c8ghw0mx9oI5LHCynLn4ZCbgNwzxmx7wDzIHoSazw+pndrY9glJ3OO2bWN9w8vOuBL04Ibv5uRC9hl3pfUgWJPiamr37lXKlT3Q+KQrY7wbgLe5A8KONiMnGn2Lc2KjQXd1QEfSYL8TrWDdHWmqshXaIb9zHLL3ohC/fkyj0vUWCZcHi5B7MUIP8AETM9vBcqg+ZqbZNNkkfRZTrLNLJ3A9Un3Y7X8yam2V8mHoaOE2LhotUhjU88oLep1qtGiSXBfqSQoAoAoAoAoAoAoAoAoAoAoAoAoAoBGFGDzfYmEEGK2jAbhOvWZbcplL/1Fx5Vnh2k65K5arc1w5Ha9pdyqTy3aeVdNdu5zKXflAm+6E5mvcAaC+v5VL+pHe49xmhsNFte511NWKN3twUtu4aCaFosXbq2WwzELY/RYE8RzFTGeh3FkrVy/sN2SXWJIkWTEsqqhdYyAQugJd8oBIAvYnW++qSyxbtE+VJs1otk4ttAsUS7+2xkb7qWH4qo8jZounrYvQdGBvlnlfuUiJfD9nY28TVLk+WarFFPY0MFsXDxaxwop52u33jrSi6ilwWsZOI43ci4RWaw4hQTb3VMVboSdKzyHae1cZiMfgJcRGYI3mTqYiTcL1iZmYb7m41IG7dxPqwx44YpqLt1u/seTkyZJZYOSpWqX3R6d0m2/FgoeulV2XMFsgUtcgke0wFtOdedhxPLLSj08uVY46mZHTHC4zFxQLhG6uOQhpWzZXCNlyjQ6izMSAdbAVpgljxybnu1wY545MkUoOr5OWk2c2zNpYSLDTyyLOQJI3IPZLZSxAsLWzEG1xkOtdSms+GUppKuGczi8GaMYO75RY2lA+09qTYV5ZI8Ph03IbXYZATrcXzMdSDotqrFrBhU0t2WmnnzuDdJE3QjbksCY+CZzL8yzshYkkqmcFbnW10BHLNVeoxRm4SjtqJ6fLKKnGW+k5/D7HnnwEu1GxM3zhWZls1lyo1m3ag+1YCwFgLV0PJGOVYVFUYLHKWJ5tTs2+kvSuZtk4Z0YrLiT1bMvZPYzLIRb2SWUbuBNYYunis8k+EbZeok8EWuWVsVs99kYvBmOeSSPENkmVj2SboGNh9u44jLv1q6muoxytU1wVcX0+SNO0+S50iV9obV+YmV44IY8zhDYscqsTyJ7aDUG1jzqmKsODzKtsvlvNn8u6SRJ0F2hJhsRjMDLI0iYcNJGWNyFUi413XDIbbgb86jqIKcI5EqsnppuE5Y27rg5/A7Lmx2FxO0pMRKs0ZdowrWUCNQ5A4qNbC1rWvrW8pxxTjiSVPkwjCWWEsrbtcfY9F6BbWfE4KKWQ3ftIx5lCRm8SAD51wdTjUMjS4O/psjyY1J8nQ1gbhQBQBQBQBQHIbfSOLFNK5VQ8KglmCg9XJzPLrB61SCrI/qiMm8VSKUGIDaxJI+ugSJ2H3yAh+9XQ5o5YY5clpdnYuQdmJYST7Urg//AJx/91Uc32LrDe7L0XRYsAJ8Q724RgQqfEr2j61W5PlmqgkaOA2BhYdY4UB/iIzMf5muaiiySRpipJCgCgCgCgPOflD/APUtmf5i/wDWjrv6X/aye39med1f+7j91+6O42vj4IY8+IZVS4F2Fxc3t8DXFCEpOondOUYq5GR0w6Vx4LDrItneQfsV4HQHMfqgEeoGl7jbBgeWVdlyZdR1CxQvu+DmehMuDEwxOJxkc2NmIA32jL2UIuls2uW40A0GlyejqPM06IRqKOfp/L1a5yTk/wBBNjYqPC7bxgmdY1lUsrOQqm5Rx2jpuzfdpki59NHTvQhJQ6mSltZT6M4Y4ptsSxi6yrKkZ4MXMjLbyy/eFXzSUFiT7V/YphTn5rXe6ItkbegXYUsJkUSjrECXGc9Y9wQu8iz7+48qnJik+pUq2K480V0ri3vwVtvYB49kbPkIPYdnPcJWaRT6Aeoq2Oal1E16r9tiuSLj08H6P9zW6ebQixmK2dHh5FlJfMchDZQzR2vbcbKxIOotWXTQljhNyVfxmvUTWTJjUXZKMQmG6QStMwRJohlZjZdUj3k6DtRMPGopz6VKPZ/z9y2pQ6p6u6IejUYxW0tpSxHNG0TxBhuJfKqkHkeqY1OZ+XhhF83f8/Mrh/1M05LiqKnRHbcMWyMXDI6pKOuURsQHYvGFWynU9q4PK1Xz4pSzxkuNiuDLGPTyi3vudd8lmGZNnRZhbOzuPAsQD5gX865esknldHV0cWsKs66uU6goAoAoAoAoBCoNALQBQBQBQBQBQBQBQBQFDHbGgmkjlkjDPEbxsSbqQQbix5gelXjklFNJ8lJY4yabXA7auy4cSnVzIHS4axva4vY6HvNRCcoO4smcIzVSRW2l0awk+TroQ/VrlS5bsrpoLHuHpVoZpwvS+SssMJfMith+heAR1dMMgZGDKbvoym4O/mKs+oytU5FV0+JO1Es7b6NYXF2OIiDldA12VgOWZSDbuqMeaeP5WTkwwyfMi3szZsWHjEUKKiDgOZ3kk6k95qk5ym7ky8IRgqijKxHQnZ7y9c2GQuTc6sEJ4koDlPprWq6nKo6VIyfTYnLU47mzi8HHKhjkRXRhYqRcEeFYqTi7XJtKKkqZl7G6J4PCuZIIQrm4zEsxAO8AuTl8q1yZ8k1UmZY8GPG7iifbfR/DYsAYiIPl9k3KsL7wGUg27r1XHlnj+VlsmKGT5kTbI2RBho+rgjEa3vYXJJ5knVjoNTyqJ5JTdyZMMcYKoozsf0MwE0vXSYdS5NyQWUMebKpCsfEa1pHqMsVpT2M5dNilLU1ubsaBQAAAALAAWAA3ADhWBvwOoAoAoAoAoAoAoAoAoAoAoAoAoAoAoAoAoAoAoAoAoAoAoAoAoAoAoAoAoAoAoAoAoAoAoAoAoAoAoAoAoAoAoAoAoAoAoAoAoAoAoAoAoAoAoAoAoAoAoAoAoAoAoAoAoAoAoAoAoAoAoAoAoAoAoAoAoAoAoAoAoAoAoAoAoAoAoAoD/9k="
00000000019,Ортопедия,Цементы,CX Plus - Цемент,CX Plus - Цемент,цемент,"рекомендуется использовать для фиксации штифтов, коронок, мостов, вкладок и брекетов; он идеально подходит для фиксации протяженных мостов.",,,Япония,SHOFU Dental,1 шт,"Набор: флакон с порошком – 1х35 г., флакон с жидкостью – 1х21мл",шт,10.0,22000.0,https://heliy.kz/upload/iblock/040/040c202bcd756bd64526b488f0af0d37.jpg
00000000020,Ортопедия,Пластмасса,Темпофит - Пластмасса для временных коронок,Темпофит - Пластмасса для временных коронок,Темпофит - Пластмасса для временных коронок,"Высококачественный бис-акриловый композит 10:1, самоотверждаемый, для изготовления временных коронок и мостовидных протезов, а также временных протезов, установленных на продолжительное время",50мл,,Германия,,6 шт,Отлично полируется и шлифуется. Нейтральный по вкусу.,упак,10.0,15000.0,https://aveldent.ru/image/cache/460/ximport-files-bf-bf0b320d91c211e980d8002590039e97-138c9b74980511ee81160cc47aab4f67-460x460.jpeg.pagespeed.ic.fPUQMOp17k.webp
00000000021,Анестезия,Анестезия,Убистезин,УБИСТЕЗин,"анастетик,убистезин",УБИСТЕЗИН  - раствор для инъекций местного анестезирующего действия,,,Германия,3M ESPE,,Убистезин,упак,10.0,20000.0,"data:image/jpeg;base64,/9j/4AAQSkZJRgABAQAAAQABAAD/2wCEAAkGBxAQDw8PDw8PDw4PEA4QDxAQDxAPEA8NFRUXFhURFRUYHSggGBolGxYVITEhJSkrLy4uFx8zODMsNygtLisBCgoKDg0OGhAQGC8lHh0tLS0rKy4tLS0tLi8tLSstKy0tLTAtLS0tNy0wLSstLS0tLy0tKy0tLS0rLS0uLS0tLf/AABEIAOEA4QMBIgACEQEDEQH/xAAcAAEAAgMBAQEAAAAAAAAAAAAAAQIDBAUGBwj/xABEEAABBAAEAgYGBggEBwEAAAABAAIDEQQSITEFQRMiUWFxkQYUMoGh8CMzQlJisQdjcoKywdHhc5Ki8RUlNENTwtIk/8QAGQEBAQEBAQEAAAAAAAAAAAAAAAECAwQF/8QALxEBAQACAQMBBAgHAAAAAAAAAAECEQMSITEEQVFx8AUTYYGRoeHxIjI0YnLB0f/aAAwDAQACEQMRAD8A+2IpRUQilEBEREFNIFKAiIgIiICIiCUREBQpUICIiBShSiCqKaRBCIiKhFKhUQpRE2mkoiICIiApRSFAREQEREBERAREQFKhEBERAREQEREBERAQoiCqIiqiIigIiKoIilAUoigIiICIiAiIgIiICIiAiIgIiICIiAiIgIUUFBCIioIiICIiApChSFBKKHOoWdlzsTxA7MHhzJ8FZLTboucBuQPFYX4xg534armiMnV7vdf5n+ikH7jfeVvoZ23fXexjj8FBxbvugeJWr0Tzu+u4Kj8I3mSfeVemG62/XT+DzUjGH8HmtEYJnYfNX9UZ3+aaxN1vNxRP3fNXE57PJc9uFb3+aytgI2cVNQ23RiG87HisjXA7EFaGZw9qiELL1aaPmFOldugi58WKcDlcPnuK3o5A4WFm46XayIigIiICIiAoKlCgqilQqCIiAiIgKQiBQavEH6BvbZ8a5LQYADfb+S3eKQlzQ4fZN9/iFoNf94e8beXJdsJ2Yt7tgiwsrQtZl/ZNhZBIeYP5pYM6ghUEo+dFbMs6VKUmZMwQS0KypnUGYdoTQuVRUM3ZZ+CxueeZoK6F3mz4c1lwknXy9oK502KA0atng8JJMru8AfmVcp2SeXWUqEXFtKhEQEREBQVKgoIREVBERFERSiClEUFJvZPgtT1cHUaFbkvsnwKwxLeN1ErVdhSOXvChrT234rohavEcXDCzPO4NZma2yC63uNBoABJJKszt7GtMRvm340qOr7v5FThsdhZATFPC4NyF2SVvVDvZzAHS+VrYdBexPwK1v3o0nO/CVjdKfuHzWxJhj98+Tf6LA/Cu++7yZ/Ramme7GZj9zzKoZ3djQrOwp+8T7gPyWCTDd5PvK1qJ3WdM7m4DyCo+XvJ+AWB0VbKgWulNszdTr5Db+/zovQcK+r/ecvPxr0PCfqh+0781y5fDWPltopRcHRCIiAiIgFVUlQgIiKgiKENpVlAUqAiIgrJsfArBEdFsO2PgtKI0dPn5+e/U8I2wtTiuFfLEWRy9E+wc2Uua4c2OAIJaQSNCDzB0XGxHplhosb6jMJGSkxNY/Lmje6QDKNNQbNbV3r0hKzjlLe3sdeTizwk6prqm59sfOJv0eztjkYyaJ4kD84p0eciMdDYo7SWSb1BvUr1PEMC4zMeYRK1sMbL6OCXK9rnEj6RwI3GrV3SqOXe8uWXl55x44+Hk28OmzwtbHlYHAyukYdxHIPpcsgEzi4j6QVrV3ytw7AyRzvEmaQCQFj3QyOJZ0TB1ZDIQ1odmFEE6bm7XpXLE5WVdMTlgkWdy15FqJWnMsC2JlrrbLLEvRcL+qHi78yvPRr0HC/qm+L/4iuPL4aw8ttES1wdBFFpaCVFqEQERFQRFBQERERdERRRERAK5zDr8/Pz59FcsnU+P8r+f5brWPhK+V+mmnH8Of1mAP+pq+pekLskBnqzhXDECqLiGXnY38Toy9o/aXyz07043hz2+pH/Xv8+Z3X2HEHT2M4sW2r571z+dl5uKbufxfb+kMtcXpr/b/wAeYidiI3DpXPyxerSYhrZq+mxErnSV1bcxpIAFgZW0Att/pPEHZTHIXCKSQhuUjM2VsTYQSQM7i9umlZhdWtzFx4aR7XyseHsLT1ulY05HZm5wDleGu1GawDqFpHhWCqmuDL9YoiSnZ5XxyOf1vtB0cZHZQGy7THKeHz7y8WffKfh+/vWxHGywxNdhMVnlkdE1o9X+ta178tulFjJG5wI0rS70WEekMTnOYyOZ7g2V0YaIz04je1j8gz2Kc5ur8oo2NAStoYBn0JfiJJXQTPxAfI+MlzzHJFRDWhoaA92jQNW+N6bODsZmDMTIwHpBHl6BpjzvEm+Xr1VDNfVJGt2us6nLfF87+39PzauL9KImQSTmOWmRzPydQl/RvcxwaWkgjqOdmFjKLV/+Mh0zYAw5jNNE40+gI2OdmDsuWzQ6t3qsUnBsE0Fkj8xMWLjdme1uk7nGZ1NADXdZwFAUC6ua2HOw7SSAXObLK/QPeWzOsP8AA0Tot49ftYzvF7J7/wBGWZYVjmxLz7ETuVF5EY8t/hzUQh9kvLdaoNB09535eS7PO2413uGfVN/e/iK4Ma73DfqmeB/Mrjy+GsPLaRQi4uiUUIhtKKEQ2JaIiCIiAiIguiIoopUKUBcWd3Xf4j+v8v56e0O0uDjHVM8dte/5rv27rbrFK+Y+n5rjGGP4cGfH6Q69/mfEr69xGshzVWZntXV3pqNtV8d/SM7/AJpAf1WFN9v0jtb5+Z8ez7HjPZOp9puzspux81zXDi/ny+L6/wBI/wBN6f8Axv8AppROP2c2XT6uZsgy6ahp1No3Cvc0EvOvKSGMka8/HRY5Kvr1pkDulhLdiDeZun91SKAlpLWsIOlRzSNF86vY7ar0x8dMvDzQAEGlgXCBTbJFUfxOPiTtaoMALosgMZvMOiALr+G9KDFJR6k2uw9ZbYAvb55rE+CQ3YxAvT/qW6Db3e5biNswMBJDG2SSTlFlxNk32rFPI1o1IaO8gLTlwrzvHfVLbdiH7dpDRv8AlSxeou0JELa9nKwyZdHagu526/NdIzVxiGPJDHB2WrrUa3WvPYrGJW5suYZqvLYuu2lgxMLG/WykD7pe2Nm+9CtdVngja0dUADTYVotI2o13uHfUx/srgxrvcO+pj/ZC48vhrDy2ERRa4uiUUKUEooRBKIlIgilEVCKURFkRFFSiIgLzXEXfTGtnDz27teXI7bHTL6VfPMPjyXugk0mgc6Mg/bYDTXa91Dn4G6dvCb2zlXjP0lO/5jEf1EBvtqSQb63t2nx5D7VMxrgWuFgnb3r4h+kk3jInfqmtP7r3f1/29kfUfTeWdvD8T6sx75ntDAI2uc8Ne4Ne4ButhpO2264Ydss77n2vV4fWcHpcd+ZZ+cTw/jOBnZI/D4uo4AOlIe5jY23o4l4qjR15rdaSWB8eJa6N2ofUb2OB/EKvu1818/8AReLDy4rH4SF7ogYuHGDpInNeX4UNcXPjNfbAJFi8xo811MEI3zshmxEXq0GKnkAc5sTcbxN8jpDHGxxJcyIvGlm3kdi3x8lvn57vN6j0fHhlZjb21dWd9XGX8d9v2r1b2TXpIwjncdHYd/baxuZN/wCVlf4dmu/VQ0//AKZP8JgrnoTrv3lZ3FeqPm2aab4ZSKM2tDVsTRqCbNEncUPctWTB3eaSV/7+UeTaXQeVzcXj2tcWVI54aXU1jiDoTV7Xpt3rcZYzh2NNhjb7as+Z8ArtK5mM4m8VTGMvU9NJkIb1vsVZOnv17rjh8j3yhxdI5oDtcnRRC7rQ6uP5LTLusXe4eR0Uda00D3jQ/FeT4rxNmGjzO6z3dWKO+tJJyaO7tPIWvQejzHNwkAebfkBedreSS4+ZK4creLpqECsAuLogKVICtSCqmlNKaTYqilQgIiIChSoQXREUEotTHSEUAa5nw+bXlsL6ZlznxthlzNLgHEB0Wl6lwOm21aXRoqybbx48spbJ2nl7Mrxnpb6OdK/1iB3R4hvPYPHf3rtR8ZePbjB0HsnbQcverniEbwSer25tF0xlxrjbLHx/0kwMk7mifNDNGC1ri0vjcOQ01Huv3L6xgeN4aWgyZub7ruob7Nd/csOLwUUw+y8HYine/RcuLghYeqGSAHRrtCPA1otzDDds81vP1HLlhjx5XtjvX3uqeAxiTFTxPkjnxbGtfICHZC0ZQ5gI0NLmcR9E2OZHHA8QRtwzsI5pZ0h6AyMkLmnMKkth6xuy6yNF18PMY20Y5mAdgEg+GYrncQ4tVkSln7TSz+JqxOPG9tNz1PJNXq+ZNT8J49zpNw5EskhN5mtaB2Af3J8/K7l42b0kmHszxO98JWpN6TYzk6H3uiGnku0x089z29s9cvHYIPc4ukkyluXIHUwdprmSNNV5OTj+MdvNE3wN/wAK0pcVM/28TI/uYK+JorTO3qnxQR0T0Yr7TyDR6x3O3tO8ytp8py3DTyRfSOtkLR22Rb/3QR3heSwGELnCml7+Rc4vd5mq8162HgkzmAAi+Z1Ne80L/ZHvUypHCbg88we95ml2MjhQDbvKxv2W/E0NSvo+EpkcYOnVbQ57Lz2GwUcBpp6ST7Tz7DT/AOx+CtJxLLn16zeZPtgCy3uOWyBpt4Fc8ptrF6GTiEbPaNDtW8AvKvwD53tLNWFrXFx0bqPzrl3r0QmZExrS68jWt7zQA2XLLGTw6RsoSueOKZsvRsc8O2I0rx7FoTulMnXkDWhxaWBpJLSNDd6VodOQPbpJj7zbtHEsBon+iyrx/CuF9DiZJLlnDtM0zmhtakUANTqNSe1emw2La6m31gPcfBTTpnjMbqXbZKhLRGBERAUKVCIuiIorBi8MHjUkHUWOwrz59FmMfnhNOvUncgkF2u5Om9816VypqtS6WZWSyXy4k0OJjaC2MTlobox3RuJDaOh6u/8AsuLieOZTWIw0rG7O6SN2UjTZ4JvY8ua9uCquF/NreOcnmMWe6vn54lhHluUyM006N7aDiXWQCWk6uPwW8IuqXQYogEkRslMjAGN01D7GgrUVfvXfxHAcK85jhoS43ZyBpPjW6qzgcLKMbDGRtlJIC1cp7HWZ68xr8OOMaNWMfGRY6wcezQgkVoT7wsmIlv62It/cDh5rcEL2imOA7y0C/wDLS1Zcdi2bwiVv4HAmvgmP3OWd3XMxGBwZPXytGVzi8tysaALOZ2w0WlgOFcMxRPQTwzECy2ORpcB2lt2Fp+muKLcNJNLhy+ISRdO1znxinUAMzToLIGxXk/0bNik4u+WKPoGRBxjia4vAg6NzXlzzvbyz/N3LOfJZlMY9XH6PHL02XNb4uvnvt9Hb6H4UfZcfetmH0Zwrf+yD+0SV2BMCuBxL0rw7ZxhIp4XYpxylpkb1D2d7u5XqyryTDfiOhJ0GGaDla37rWNGdx7AP57Lz3EvSCQ11as9XDssl+uz31ZPcBQvmtmaarcSSTu92589gvn/pB6R5XPhwsTXagPxD8wia4i2RWNATlNagbV3bsmM6rXX0+F5M+iTdewnnnkbo053ew1pyta3YtB1zDkSPdrotvhnAet0uKcX/AGhEBlYPHX4fkuH+jrj3rOHc5zXMnZlY4Aktc06iRoOu12L08CvXRyg7NLu+T/5GnmkvVNxnlx6MrjZ3jFLxOR/0UTcrcpaCOqxu+UsPgNj2jbW8Bwt6SSucxwLcuYs3JBDXA2dNB42q8R1dWdrd3gX1iddgBpvuO3xWvhGyveG00bB1F3SOIOrtNR4E81jpkdpdzs7zcQxgDdGUS7TSzfx1H5duuuJWvBcw7hp0bVihyOuoIHl2LPDwZgLXONutrr0skdgG2tE9vNdJuHHJtaAXtYF0NPFTcjhe7itiEbXtc8kNIc0a6McTQvuIIHdSycPmL3tEbDWZpc+tANyL810n4VgskNJNe11tBZArbSyrRZiR2cuQ8lbl2S+W2ptVDFalyUREQLREQWtFCKKlRSIqFKhV1RyQqpR5IqtbUPU1sexaRAk7dlF72KruKnLpXzSqWaqDHiGBwIcLaQQWk2COyuYXOw/B8Ox7jFFHEXn6QxRsjLyNs1AXV8+1dRzL56KvR7666rUN9nH9J8NJ6hi24XM2cwSZHC891rVah1WBWtr4r6QcEw0bMN6rixOCy4y1rQ8SOB6jizUEOAIBsjUeP6CcKGhXGn9HML0nTNgiZNZIkbG0ODjdmxzNnXvWMsOqvZ6T1X1EymvPw+7fwcXhnBn4iKE41+Rgjb0zbDDLJQLgQCdLtcT9IXDnkPjwVx4Q4YYjFxhjQJo8M8C4yRYeA4EjnkZ7/oEPDmjUknsvYfNLV9I+BR4yExOc+M08NkjOVzQ9uVzTyc0jQtOmg7AunJ/FNPPwZ9HJMq+Yfot4hJHM6HOJYSHvYHRFrWkU3RxPeNNtCvpkeEzOBdJTXU5rRqaOugHJcfgHoZHhpXvDDK97che919TQkNboG3lG3YvX4eFzQAAxgAAFCyBVKYbxx1WvVZ4cnJcsYwf8LYR7Oo2LtAD21zPir4TDMYA0W8jnQ/kFsdBdWS6u3ZZGx0KsDwClrlLdaGP5BoHir5Sdz/IIxlc9PBWURTowrNCsiBaKEUEqEUWglSq2pQSptVUoJRQiKlY37q6xPOqsSqyFWB0WKU7K7ToPBa0i1ootRaiLKCqkqLVByhw096EqpKG0qjrUkqLVTZEKK2gFrArbBUyahSmlFpayqUUWotBZLVbS1BNparaWqJtRai0tETaKtogyoiKKlERAWCTcoisSsUvJXZsPcpRb9iIUFEUBQiKoo5R/dEVBQiKokLcRFjJrEUFEWGxEREERFUQVCIgKFCICIio//9k="
00000000022,Ортопедия,Цементы,Хромоглас цемент,Хромоглас цемент,Хромоглас цемент,"Стоматологический стеклоиономерный материал для фиксации Kromoglass3, порошок во флаконе 35г",,,Италия,Ласкод С.п.А.,,Цемент,упак,10.0,14500.0,https://zoob.kz/media/cache/89/de/89de9fd9596fd42ed8b8f9880555eb12.jpg
00000000023,Ортопедия,Цементы,CEMBEST,CEMBEST,"Применение: для фиксации всех типов металлических, металлокерамических, композитных коронок, мостов, вкладок, накладок, культьевых вкладок, включая штифты.",Цемент,,,Италия,BMS Dental,,,шт,10.0,14500.0,https://dentalshop.kz/dentalshop/images/cembest.jpg
00000000024,Полировочные системы,Полир,Полировочные головки Siliflex,Головки эластичные стоматологические Siliflex (СК14) (диск),"Финишная полировка, полиры, полировочные резинки, Полировочные системы",Головки эластичные стоматологические Siliflex (СК14) (диск),Диск,"Бордовый, белый, голубой",,,1 шт,,шт,10.0,750.0,https://celit.ru/upload/iblock/cd5/cd536d2a5bff68642d1b238ada0788f4.png
00000000025,Эндодонтия,Распломбировка и расширение каналов,I-CAL DUO,I-CAL DUO,кальции,"I-CAL DUO, лечебный материал на основе гидроокиси кальция",,,Литва,I-dental,,,шт,10.0,3500.0,"data:image/jpeg;base64,/9j/4AAQSkZJRgABAQAAAQABAAD/2wCEAAkGBxAQDxAPDw8PDw8NDw8NDw0PDw8PDw4OFRUWFhURFRUYHiggGBolHRUVITEiJSkrLy4uFx8zODMtNygtLisBCgoKDg0OFRAQFS0dHR0rLS0tLS0tLSsuLS0rLSsuLSstKy0tLSstLS0tLS0rLS0tKy0tKy0tKy0tLSstLSstK//AABEIALcBEwMBEQACEQEDEQH/xAAbAAACAwEBAQAAAAAAAAAAAAAAAQIDBAUGB//EAD8QAAEEAAMECAMECAYDAAAAAAEAAgMRBBIhBTFBUQYTImFxgZGhMkKxFCNSwQczYnKSstHhFSRzgsLwNENE/8QAGgEBAQEBAQEBAAAAAAAAAAAAAAECAwQFBv/EADIRAQACAgAEBAQFAwUBAAAAAAABAgMRBBIhMQUTQVEiMmGBcZGhsdFC8PEjNGLB4VL/2gAMAwEAAhEDEQA/APqIC0CkDpA6QMBAUglSAQFIHSB0gKQOkBlQGVE2dICkBSKKRBSB0gKQFIFSBEIpUgVICkCpAEIIkIEgFURpFFIJUoGAgdIHSB0gKQOkBSB0gdIHSIKQOkAgaBIGgSBoEgYCCZjAFuNcdNSm1iNq3OZYGdtm6aSGu036HVTcL5du+ja2xY7Q5tII9k2mtERzVQqQKkUUgVIFSIVIEQiokKhUgEE6UDpA6QOkDpEOkBSApA6QCB0gKQFICkDpAUgKRRSApESjjJ3eqbGtkYG71WdqpnwMbzbgSeBzOFd9brQZ37KBIIkdoK7Qa+hyA3D0RYtMdmaTZDy5p7GZji4TAuzg0QDl3aXu13Kah0jNaImO8S1wQysYWW0kA5ZHvfJrwzXRPqqzNotbcx+TP1eIaW22OVugfTg1+vzDQAActSdB3qdW/wDSnfoYnFhroZ2Elo+APbrustJ8+A5q7ScfTpMS0nDnn+S11ckTCeSbEHMI3ikRAhUKkCpAqRRSgmAgdIh0gaApAIGiikBSB0gdICkDpEFIHSApAUgKQSYyzSSNTWgCgsKdIBAIBUJAUmwqVCpBRi8Q2NuZx7g0b3HkE2RDhuxLpZWF24OGVg3N19z3orpkKslSoRCARQAglSiGgaARRSApA0UwEQ6QOkQUgEDpAUgFQ0AgKQTj4qSqWY81NCXWFNBiRTQkHhNB2oBAIBBRjMU2JuZ2pOjWje48k2aeaxE7pHFzjZPDg0ch3KxDSeCH3jfE/QrRLsKsEgVICkBSCSiikDpA6QFIHSB0gdIgpA6QCoFA6RRSoKQCApEFIJx8fBSVBRSQFoaK0BaBiQ81NQH15TRoHFDiD5KaNPO4ucyOLj4AcGt5BNLCmlVW4GRomjaT2n58o4mmkn/veE31XlmazMR0h2lpzJECBUgEEqUU6QNA0AgdIGqBA6QFICkDUAgKVAoCkBSB0gz43HxQNDpnZGudkDqJGY6614FZtMR3dcOG+WZikblPDYuOUXFIyQfsOa76KxMT2S+K9J1asx+LJtHajYXta5riHNzW0ixqRVHwUmXfBw1stZmJ7Ko9v4Y75Mn77SPfcpzQ1bgc8f07/BuhxMb9WPY/91zXfRa3Dz2x2r80aWIwRKCBKCEu4+BQcNUZtoY5kEZkkOm5rR8T3cGhZtaKxuXo4fh7578tYczojLJPjevkNfdvDGa01m7Tu+uq445m1uaX0+PpTBw/lUj16z9XuyvS+ERQJAIgUE6RTQCBoBA1Q0DQFIHSgEAgaIEAgKQFIBB53pyy8Mwc54x6ghcsvZ9Xwm3LmtP/ABl5GbYwDrjlog6ZwQR/ubZ9guU4/aX268ZMxHPTf4fxP8smIx2JY/I+VzyygA49ZoRYonWtfdZm1onW3fHhwXpz1rqJ+ys7ScdHNBviDSc8uscPHpKLcSwkE20jjW4+Sc0E4rRHuubtvExk9XiZK4AuLx6OsJzzHaXOeBwZI+LHH7fs7OyulOLflBdA8l4aesaWuy9ntDIdd54cL5rdclpfL4vw/h8UzqLa16df3/l1GdKJWgmbBuAbeZ0U8Um4WdDS35k+sPDPBYba5M35xMLZOlmFDT1nWwktJAlieDxHy3yTzax3ZjwvPbfJq2vaXnB0pYZXE2IGRuyiu3NJba8OOnr3Y8/r9Hsnwe0Y4j+uZ+0Q83tHaL8RJnee5rB8LG8h/XiuFrzady+zw3C04enLX7z7vZ9BGVMTX/z1evy9WPz9l6cXd8HxOd0iPq9sV6HxUUAgSIFBYgaKEDQNUFIHSB0oGiBAIBAyECQNAIBAIOF0yr7MC4EgSsNA5TYvjR+i55Oz6PhsTOaYrOukvOmRrj2S23Br+rzNLxmaHVW/jyWdw+rG6xq0dum/To4O0nZcUSdMvVXYOn3beC42+Z7+HrNuG1Hrv95XYFwLJRAGOmL4ezN1D87B1mfIJANLLNN6V+jnmraLUnLMxXU9t9J6a3r/AAvxGyG9TM7q2iU/aJ2dXJmZFFG8DIBduBAlIdXyhWa9JcqcbaMlI5vhjUTuOszPr9ujjbWwzYZpI2klsZABdV/CDw8VztGpfT4XLOXFW8+q7G7IdH1lSRSGEMdIxhfnYHZaJDmixbmjQnerNNOWLja35d1mObepntOmKLEPYbY97SNxa5za9Fncw9N8OO/zVifshj8S+QEyOLi1mUE1o0bgpa0z3XBgx4ulI1tlc00HHc7NXks+ic8Taa+3/ZsSEl9C6AN7UrnOt+RoIrRoNUB/D9V7ML8t4pMRyxWOj2JK7vjoqgQJRAguRTQCodIGoGgEQ0DQCAQCKEAgSILRRaAtBwumbh9l7RodYzWrreueTs+j4Xzef8Mb6PnO0HAvJaQ4BkQzAGrbG1p3gHeCvLaer9Vw9ZimrRrrP7yxkrL0xGkSjRxyFpBaS0iwCDRAIo+xPqm2bUraNTG4W4zGySgdYWuI+fJGHnStXAW7ztWbTPdzxcPTFPwdPpudfk6TNvAPdL1DRJIYeseJH05sb2PoNN0T1YF+y1z+unjt4fM1inmfDG9Rr336/c48dhy0M0BA0lngbINZS9wyjN8pAvu4WnNVztw3ERO/0rOu1dR316uJtIszSmPSMvf1Y1sRlxyjXupcr+un1cHNFK8/fUb/ABUSOGWMDWg69+8m6T0hwpE895n6IgqQ3Z9E6CGnYocQY77iS/Tx0917MPeX5XxSdxT7vWZl3fIBKBWgLQFoNKBqgpA1AwEDRAgaARQgEAgECJQRJRSQK02uhamzTgdOf/DP+oz81yzfK+p4R/uI/CXz5mEztBY9pfqXRk5SNaFc9NV5orvs/SW4jy7Tz1nXpKmfDyMJzNOml0S31SYl2x5sd/lszkrLtokBSKSAQV4n4T5fVZnste6OKdpGN1RDlvJJv3VntDy4Y+LJP1UtepDpZ7/9G5+6xDucrB6Nv/kvXg9X5nxr56R9HsMy9D4gzqAzKgzIHmQbQiGgFQ1AwiBA0AihA0AgECKCBRUSoqJKKSKKUHB6bD/JO/fZ9Vzy/K+l4T/uY/CXz2PFNy5XxteB8PyuBsnUjU7zp4LzRPu/TXwWm3NS+plfFimD4JZItdGuAkaPDuViY93C+C/9WOLfWOkpTjOXD/LyGmhrwS1ztTXHf2Tp371Z6sU+DU7tX6d4j/zqqnhjAJfHLE4nflGQaDTQd44cVJiPWHTHkyzMRS8Wj9WaWBgaXNla6j8NOa4i+9ZmI93ox5rzaK2xzH19Ge1HpSBRNKcV8HmPqs27NV7sb33XcKHgoxFdIEkAHgbrvreqzOt6fRf0esc3COc4V1sznt725WgH2K9mCPhflPGMlbZ9RPaNPUdYu75Q6xEMPREw5QSzKo6SBoBA0Q0AgEUIGgEAgEESiwiUVEqCJRUVFMIrj9L8O+TCPbGxz3ZmHKxpc6gddAueSN1e7w3JWnERNp1D5fI0gkEEEbwdCPJeV+xraJjcTtClGggsOIfRaXuLTvBJI58U3Ln5OPmi0VjcKlHUkDQUYs9nzCluzVWfDwF2p0aOJIGY/hBPueCRG3DNminSO7fsjZhxUxc79REaJAyhwG6NvIc/6ldcdOafo+ZxvGRw2Plj55/vb6FgngMAGgBoAaADcvbD8pM7nctImQMSqouY9Bc1yiLAVU06qIaBogQNAIoQNAIBA0BSBEIqLhx+qKoknaDV2ddB3KL2RjeXE6AAAEa2b1v8kSJTyo0YCgsYPz+iJLDjsLhpiY5mRPc0XTw3OBzBOvHeEmsT3h1xZ8mOd0tMfg4mM6D4V+sZkhPIOzt9Ha+65ThrL6OLxniKfNq39/Rw8X0ExDf1Ukco5G43ehse65zhn0l9HF45in56zH6uJi9h4qL9Zh5AB8wbnb/E2wuc0tHo+ji4/h8ny5I/b93OpYevZUgaozY34fMLNm6+q/DYd2Id1TDljY0GaVoIa1u+mjx8yRfBdK1m86h8jiM1eFpOS/zT2j+XsMJC1kbI425WjRrR48eZ5r2ViIjUPyuXLbLab3ncy6EcRaAL8fFVyO0FjCitLCtI0MKiLAqOyjIRDQNAIoQNAIBA0DAU2AkBBHrBwTR1Y8ViGtsgNL+dDRGoiWBhLiCTZdarUtuEFOGtggjwRlsyoFSgkAeHodElFM8YcC2SPM0ijbQ8EctLNeSm13DNHgmC+pkfGaqmvztbu1yOsA6VuQTyztLdY5G2A6w6N9cSNSNNNEGmkVjxmzYJv1sMcne5jS713qTWJ7w648+XH8lphxcX0Kwj/gEkR/YeSPR9rnOGr34/GOJp3mLfjH8OPiugTxfVYhjuQkY5nu0n6LE4faXvx+PR/Xj/AClxMf0PxgLWljA0uAMokY5rRzqw4+i5zhs9keNcNFZmN79tNeGgjYxsUTh1Qsl+hMjrylxPG9w4eOoHqpSKxqH5fieJvxGSb3/w7uGhrtHedw5D+q04LyEUsiKm2NEXMYqL2tRFgCqOwjBopogRTQCBgKbGeHEEvewgNyk0de138txHqjdqxERJTSlosuG/cq1SsWnUQ5+I2qWtk07TcpDsrnNDfmca3ULOpCjvXBuYhll2u8loieZgwvc4xMZleBkplk1uc7UHfw0KbbrgrETN45d67+nfqshxbnRvjLJAcsjRJLWoshp33dEHcm3O9K1vFomPTpDFKyZwdbooM7Awsa+xq14L9ANbLa/c3qdXfnxxqNTbr/cI4eNsZe8Oz9Z+CM6nM93aIu3doi9NAE7MZLTkiI1rX1dSDVoIBFcxR9Fp5bRqZhsjNEHkfZRlo61NgdIALcQ0cyQB6osRvsog2rC5z2sdmMRDXUNASLGvki5MV6VibRrbbDJmG6qNKS5JPja7e0HxAKgh9nHAuHdeYe9ou0TG4fhd6tPpqrs2iTW8EeI09Rom12AQdxB7wbVUiFBztr/APFB5fD4FvWZg1oYzK2NjRTRQA0G4AVXl4UHVZEUWFghRVjYVU2mIkEhGiJhiImGqjqIwaKEDAQSyqbD0CnUVySgBx/D+aQPP4jGgYpuot7KAvU77qh+yN546K76vVWm8M/RHESPJOUXrpZoFV0x2rFY3JXJd5Y2uIok2415VyCjnPL7zJ5XV2pK5ZQG1v/75IdN9IZ8Ri8PE3NJKXDdWYvOum5qm4dceHLknVarjKxrSWRZrGYANBJ3VpvA1/sm2eS0zqZ0fXSu+GGhr8RHlpp3JtfLpHe20Ip5Gl3WzwsbTcrWtzvDuKsbdPKraI5KTv9EpdusaKa1zyABZpgJV01Tw+8/NOmUY7FSfA3q2n5iK9zr6Jp3jhsGPv1lxNsbaLOwx5lk3OmPwtPJg4+J8li1tdn0OG4GL/FavLHt/KfQnEVLLETbnNDrJJstOt/xKU76cPG8P+lS8R2l7/AHeL5GuS3L81DYop2oBA0EHRNOpAvnuPrvQQMHJx8D2h/X3V2u3P2hs6SUgB7GxgHNo4vJ7taHvvUXaMeyw0UOC0bSOFRS6hAupQ2OrQ2MiqHkUDDURuVZNAIoLtDR1UkZZHO4uCnVeiiXEVXa3IqhuPYczc2r2ga6CwrCOPjcbE0h0k+HiDSNH4hjRYNjQj6FR6qXrWJj3Z3bfw/DEtf8A6EMk3u0OTf1Z+H/5Nu0mv1ZFj5vCIxfzZFNrzzHaIgS4hzCLwJYXC2jESsDiOemcp39HbHXJk+WUo9oS7skEVix+skH0Yryy6xwt568zSzGPLdHx3euVp9QLP1WtNRw0Vn4omVeIlcXOa5xpsYkNAkkEgdloq9TzR1pFYiJrHWZ0UGyy5uYlwGc8MuaIBpOm8OIJrwV2t+K5Z1Een6kDBhpQH6kuc1r5B2eQcL0A1BtTaz5ufHPL6ezHtHbLJGhrntacpziO3NdYkFW0VYuM8tCszLph4TJWZmtZ16b6e3v93ndpVI4GKN1AuuogwAXbW9nfQNXvOi5W69n1OGmcUTGS8fnv7/dq2DL1eKjJ0DnGNw73W3X1Wq9Jc+OpGXhrxHXpt9Kwj6IPA2L5dxXV+Nju2B6y3pIFVNJgqMhA1AWgRVESqsIEIqJaqm0SxBEsQRLUEcqAyoNKMi0DIRQ2IKIrkwgKioHZ7eSLtD/CYuLQfFDakdHsMDYhjvnkamoXmVYqfCYcdosBHyMyuf6BXUPRi4fLln4asWD6SRSTNjZGQ1xoucQD6D+qdHqyeHXpjm0ys6btqJkg3sfV8crv7gKR0Twud5Zp7w8xtPF5mxyaagB27iAQKskcVdvp8Lj1e9PZKCfRwY0Elt1p9Sm28ldTE2lS/a0wqpIo8oqrzE2NxBsE71nmSvD4p38M239mHEbQzO+8nkkr8OgB3aDdwbupTmemnDzWPgxxH4shmZ8rCTvJcSTXgFnmd4x3iPitER9Oi+OV7iMjGM1qw0CieZKbcb1x0iee0z9zfhpSTnkDDoTb60NDhpw9k1KRnwxERWm/sk7DxsDHCcOcXOOVrbLMp0N3RverojLlvuPL1Gv3fRMLJnaHN+doeORBFhdX5C9Zpeaz6S04Z5KxDpLY0LTEpBGTtAWoC0QFVSQIqqiQiCkESECIRESECyoqxGTCBhFMFBO1EFqKdoPkfSPbmI6+WJ75HBj3Myl1N0P4RouU5NdH7PgeCw+VS8RHWHHixry7kCCD6FZ8yXutjpEd0tnY53Wson42/VItO2c+Ovl237PpPSlxlwR35nRsdVa5gWkivJdrdn4/gbRj4us+m3gjDIQA4uobg9waB4A7ly6v1Xm44ndY6z7Qi5jfmkHhbnf2Q8y3pT/pTJicOz4n+pYwe5KdGbZLx3mI+7P/AI9hdzDG88mudKfRibhxnLHrl/Jswe1sQb+zYbEnMC0lmFLAQeFyAclYtPo8+S/DW1zzMteG2ZtGTVuDfHyMksMfP8JJ4lOqW4/h49Nt+H6HY5/x/Zov98kp/lb9U5Zc58XrHStXVwfQR41kxQ8I4cv8zitRSXnv4xee1YepwmyRGxsfWSlrBVdgX5gWPIrb5OXJ5l5vMd22KENFNFe6Oe06VBSIEAihECBIoVRFAIgQJAqQJFNGTQNAIpoGgqe48FGohzsTs2Ky/wCzwue45i8xsLiedkLExHs9VM+TUV551H1YpcPLRa1jGtOhAaKI5UjUXje5ljk2ZiPlIA5AUpqW5y1Qx2ycc+B0UcsYzWM0jC8tB31RHurO9acseStckX9nmB+j3GvP3uPe0coo2M96tY5JfQt4jaf6p/SG3D/otw//ALpcTMeOeZ9HyCsUea3GWn/Muzgf0e7Oi1GFiJHFzQ4+61yQ4zxE+jvYXY0MejImN/daAtRWHKctp9W1mGA4BXTE2mVojCM7TDUTZgIiSIECQFopIGgSBIoVQkAiEgECQCBIBECBhA0AimgEDUaLKE0u5GUIm0qRNoloRdjKENnSAQ2dImwibNAIBAkUIBFJAIBUCISARAgSAQJAIIFFMIhohoGgEAihA0AgaLsWogVUIgQCARDQK1A0UIBAkUIoVQIBAkQIBAkAgECQJBEoP//Z"
00000000026,Расходные материалы,Слюноотсосы и пылесосы,Слюноотсосы съемные одноразовые EURONDA,Слюноотсосы Евронда,слюноотсосы,"Прозрачные гибкие слюноотсосы (наконечники для слюноотсосов) изготовлены из нетоксичного материала. Стенки наконечника армирована гибкой металлической провокой, позволяющая придавать и удерживать нужную врачу форму. Всасывающая головка наконечника слюноотсоса имеет обтекаемую форму с пластичными прорезами, исключающими возможность раздражения слизистой оболочки полости рта пациента и способствует комфортному удалению слюны.",,Разные,Италия,,100 шт,Cлюноотсосы Monoart 100 шт,упак,10.0,1700.0,https://younico.by/1636-large_default/copy-of-slyunootsosy-prozrachnye-odnorazovye-monoart-euronda.jpg
00000000027,Пломбировочные материалы,Временные пломбировочные материалы,MD-Temp - Временная пломба,MD-Temp - Временная пломба,MD-Temp - Временная пломба,Розовый,,Розовый,Южная Корея,Meta Biomed,40 гр,"Паста Tempfill MD-Temp розовая, в банке 40г.",шт,10.0,2500.0,https://medicom.kz/wp-content/uploads/2022/08/MD-Temp-Plus.jpg
00000000028,Адгезивы,Адгезивы,Meta - бонд,Адгезив Meta P&Bond,"бонд, адгезив, праймеры","Meta P&Bond, светоотверждаемый бонд V поколения для адгезии к эмали и дентину Прочность сцепления с дентином 10.75 MPa, прочность сцепления с эмалью 30.76",5 мл,,Южная Корея,Meta Biomed,Флакон 5мл,"Meta P&Bond, светоотверждаемый бонд адгезив V поколения для адгезии к эмали и дентину",шт,10.0,5000.0,https://metabiomedamericas.com/wp-content/uploads/2023/06/Meta-PBond.png
00000000029,Ортопедия,Слепочные материалы,oklurest,А силикон,"oklurest,А силикон",А-силикон для регистрации прикуса,50 мл,,Италия,Lascod,картридж,"для регистрации прикуса, ключи-шаблоны для регистрации размеров челюстей, ключи-шаблоны для регистрации центральной, фронтальной и боковой окклюзии, шаблонов для диагностического определения аномалий черепно-челюстных пропорций, требующих дальнейшего сканирования системами CAD",,10.0,14000.0,https://heliy.kz/upload/iblock/ff1/ff1abee25a1d5bea68195e8934647058.jpg
00000000030,Эндодонтия,Обработка каналов и периапикальных тканей,Адсил,Адсил,Адсил,"Адсил (Adseal) - пломбировочный материал для корневых каналов на основе эпоксидной смолы, двухкомпонентный пломбировочный эндодонтический материал, для окончательного пломбирования корневых каналов постоянных зубов в комбинации с гуттаперчевыми штифтами.",,,Южная Корея,Meta Biomed,"Двойной шприц 13,5 г (база 9 г, катализатор 4,5 г), 1 шпатель, 1 подложка для смешивания",Распломбировка корневых каналов,шт,10.0,7000.0,https://www.meta-biomed.com/img/dental/adseal-3.jpg
00000000031,Пломбировочные материалы,Временные пломбировочные материалы,Айпро временная пломба,I-Pro,I-Pro,"I-Pro N, материал для временного пломбирования и временного цементирования коронок",50 г,,Литва,I - Dental,,Применение: для временного заполнения полостей,шт,10.0,1500.0,https://heliy.kz/upload/resize_cache/iblock/7f2/450_450_140cd750bba9870f18aada2478b24840a/7f2859919627fde4586c4faac3a6b38c.jpg
00000000032,Эндодонтия,Пломбирование корневых каналов,АН плюс,АН плюс,"Аш плюс, пломбировачный материал, для пломбирования каналов, распломбировка корневых каналов",AH Plus (Аш плюс) - это материал для пломбирования корневых каналов. AH Plus является двух-компонентным силером типа паста/паста на основе эпоксидно-амидной смолы. Обладает следующими свойствами:,,4 гр,США,Dentsply Sirona,Паста 4гр + катализатор 4гр,Распломбировка корневых каналов,шт,10.0,33000.0,https://images.satu.kz/179806729_w640_h640_ah-plus-.jpg
00000000033,Эндодонтия,Пломбирование корневых каналов,Бинер,Бинер,"Прокладочный материал, пломбировачный материал, лечебная прокладка, бинер, подкладочный материал","Biner LC – светоотверждаемый, рентгеноконтрастный пломбировочный материал для прокладок. Показания:",,,Южная Корея,Meta Biomed,"Прокладка лечебная, пломбировачный материал, бинер, подкладка",,шт,10.0,5000.0,https://img.medicalexpo.ru/images_me/photo-g/69386-11870778.jpg
00000000034,Эндодонтия,Пломбирование корневых каналов,Биокал,Biocal,"Кальций, гидроксид кальция, биокал",Биокал(biocal) светоотверждаемый цемент на основе гидроксида кальция.,,Дентин,Бразилия,BIODINAMICA QUIMICA E FARMACEUTICA,1 шприц 2 г,"Кальций в шприце, натрий кальция",шт,10.0,6000.0,https://heliy.kz/upload/iblock/61c/61cfc40624957fc4f01d9e2493e921ce.jpg
00000000035,Расходные материалы,Разное,валики,Ватные валики Евронда,валики,Ватные валики Евронда,,Белый,Италия,Евронда,Упаковка 300 гр - 600/840 шт/упак,,упак,10.0,3000.0,"data:image/jpeg;base64,/9j/4AAQSkZJRgABAQAAAQABAAD/2wCEAAkGBxIODxIQEhEVEhAXEg8VEBYVFQ8VEhYTFRUWFhcVExUYHiggGBolHhMVITEhJykrLy4uFx8zODMsNygtLisBCgoKDg0OFRAQGi0mHyMtNy0rLi4uLS0rKy8rLy0vLS4tLSsrLS03Ky03Ky0tKy0tLS0tLS4tNS8tKy0tLS8tK//AABEIAPQAzwMBIgACEQEDEQH/xAAcAAEAAQUBAQAAAAAAAAAAAAAAAwIEBQYHAQj/xAA3EAACAQMBBQcCBQMEAwAAAAAAAQIDBBEhBRIxQWEGIjJRcYGRBxNCYqGxwRTR8FJykuEjM1P/xAAYAQEBAQEBAAAAAAAAAAAAAAAAAQIDBP/EACERAQEAAgEDBQEAAAAAAAAAAAABAhEhAzFBElFxofBh/9oADAMBAAIRAxEAPwDuIAAAAAAAAAAAAAAAAAAAAAAAAAAAAAAAAAAAAAAAAAAAAAAAAAAAAAAAAAAAAAAAAAAAAAAAAAAAAAAAAAAAAAAAAAAAAAAAAAAAAAAAAAAAAAAAAAAAAAAAAAAAAAAAAAAAAAAAAAAAAAAAAAAAAAAAAAAAoqVVHVtL1IP6xSzu6+oF0USqJf5ktnNyeM6NaElFZXXgwPad1FvHBk5aXFPmT0J5XXmBIAAAAAAAAAAAAAAAAAeJgeg8lJLVvC6kEruOmNc8Hy+QLgplNLi8Fq6zkpcseXkR3kF3Z+iYF3KtxwuHsRVJt89GtMeZFGeGn7P+DFbc7TWlhF/1FeFNrWMc5qSX5YLVl0m2V3N+LT5pp+pY29Td46OOkjmm3frNjejZ2/pUrPn5qnB/vL2Oeba7V3V8261aUk/wru0/+C0+SzFm5x2vtB9R7Cx3ofd+/VT7sKOJYflKfhj856Gm3n1B2rfYdtCFlQlLdVSWJN4luvEprXruw0w9TmFrcSpVI1I8YvKyk1ww1h9Gy7v9tVqza392LzpHKynxTl4n6N4OmOOM7udyvhvce0W0Lecaz2iq8obrnQlJx3ljvRcHj04Z5o7Tsa9jXpU60PBUhGcfdZw+q1R8oWej8kd7+lG1/uWbtpaVKLzHrTm85XniTfyiZyWbjWFu+XRgUwllJlRydQAAAAAAAAAAAAANdvKm7VkvzP8Av/JsRr+3KWKu9/qUceWeGv6AIVHLDbzrz1LiHBx8tV/noYeNwoKbclFRUt5vRJR1y/g06v8AUKvdzdHZltKvNZTqyT3Ojw8KK6yaKlrpda8p0U6lScadPHelJqMV6t6GldoPqpY0YSpUnK5nhpOGlP135fwmabW7M3d9eQpXtw6095b1OEm6dPOslySwuO6vc6F2h+n9rV2bVtra3p0qm7v0pKK3nVhrHem+886p5f4jGfUxw1vyk3d6co259SL65ThGoqFN8qSxJ+tR6/GDTKtaU25Sk5Sb1bbbfq2E8NqSakm009GmuKa5MqdPmehytRYyepEijgYCKUeYKmjzGQKoPUznZztDVsK0ZwlhJ6c1h8U1zT8jCqm8ZZJUovG8tV0KPqjs9tKNzQp1o+GpBSSznDfFZ9cmVOL/AEf7QOjFWtapD7c2nbd7vRm3JShr1itOTkvM7NCWVk5ZTTtjdxUADLQAAAAAAAAAABjdu2v3KTa8Udfbn/nQyQA5pe27q0qtLe/9lOcE3qt5ppMx/YvbH2NlVKbgqdzbydGpFJLvt4jUfm3nV83FmydobT7NR48L70P5Xszn20pRt9rQlNtWt7CnCtj8NSDSjLphqPtORnPCZTnxybs5jN7E2wrdSlCm6tzNvLfhjHjy1eeL4ciql9TY2kpu4qffeMKlR3XuyT5z8C551bK+1XYd3ahChcO3pKElUhiUo1JZzGU8NZ55znlg1rsLeWdiq0K1n/U3tKq1GVOKqx3OG8pye5TSafe009GY9XT6stk3fv8AfCayx1K0/tVOVzcVL1WsralXqSlBPecHLCcnGbilLL7zxzkzFUZ4OnfULtBO7tvt3EKVFRkp0aUWp1ecVJ1JYX4lmEY5xLjo0c2jQ3uB6cN+mbmnLLvw9cE9UzyMS4VnhZ5lvKL5m2VdahhZXAls4wfHj1LrYdpWuKio0qU6zbxiEW8P8z4JdWbnL6XV4051KklFxSk6ce9LHPvcE0vUbkWS1qFS3Ulj4M92d+ne0K8sqkqVFrLdZuGV+WGHJv2XqdD7E9nbe2ipypqU8pwnLvNddeHsb/OaaytTFz9m50/dz/Y30os6EozqznWmsPi6cVLziovPyzf7bu93ppnX9SDfEm+K4oxba3JJ2X4I6NTeWfkkIoAAAAAAAAAAAAAxfaLZ7uKDUV345cevnH3/ALHJu0uy1eW06S8es6GeO/FPue+q90dtNA7X7LdGq6kNI1O9H8tRa/vr79Cw78Obx7Ru8tIKvUlUwoRlSjmC3obylKq84mpLceJc+CfexFV2puJaxpUlpGOMQUdeGOeNNNe7w1ebDtds6Vpc/fhiNvcZeqyqdTPfWPlr1fkYCFF3NRRoqpVlou9q3wSaXJZzx80dcJjjOI45b3yt7mu6k5Sbbk22223+r1K7es4nTez/ANH6tVRnc1FSi45xHEp9E29F+pvuyfp3ZWii40t+ST3nPvN56vhz4YJcpCY2uNbG2bVvcKnTb6vSPzz9snS+z30uox3al0/vPGsItqCf5ucjJ7L2KrKvKjBYWN6k+ThnVLqs49zYLa5cJYfB/uS53w3MJF5s+wp21NUqUIwprwqKSS66c+pcpkano86YIqt/TprLlnotWc20NxaKDbisRl8J/wAFdrPRwck2v29SC52hCacXqmsxxrjqzGVp73Veab49SjKVr6EeHea4pcSCG0m2t2Pd65bRYShmOeXnzJbPOcLV9Hr8AZyzlh+qL4trOlurL48uiLkgAAAAAAAAAAAAABYbbsf6ihOGMyxmH+5cP7e5fHoHHts7GjfW7tpPc70Z05Yzuyi8S09JP5M52V7IW1pGEqUc+FSlLWTkuMkuvU2DtJsiEYuvTjiSlmeODT0bxy4og2RV4x5Yyi7P62Ojosc18khjaV2lPLaUevTmR3W3KccqOZPTVcPkC72hbqUVJeOLyubxzj7ox1a8W4nDg8NN4z/0QPbUnLux9c65IKlfPJbrbfo3xx+40PLjaEm13nF6Ljx9/Mt5LL3XwceOvF558CipNPGqfLDLyx2VUm00nGL4uWnwuLKLaclCKbxvcFnGvksk9pbSlHdjFyfN8l0b4IzdHYNLOan/AJHyT8Cf+3n75MrGKSwlhcscCbGEtdhv8csLTSPH3bMtb20KaxGKXXm/V8yYEAAAAAAAAAAAAAAAAAAARXNFVISg+EotfJpVFSozax3otrHob0ax2o2VUcv6ikt7C78F4mucl5tYX6gYe5unPV83y4JlGH7ef9yPZ1pVr6U4Scc8ZJxivWX+M2S07Mf/AFqZ/LDRe8nr+xVa9Bptbvi5YWc4MlT7NVbiSdSX2qaWEl42uenBe/wbTZ2NOisU4KKxjTi/V8WXA2jG7N2HQtvBTW9/ql3p/L4e2DJAEAAAAAAAAAAAAAAAAAAAAAAAAAAAAAAAAAAAAAAAAAAAAAAAAAAAAAAAAAAAAAAAAAAAAAAAAAAAAAAAAAAAAAAAAAAAAAAAAAAAAAAAAAAAAAAAAAAAAAAAAAAAAAAAAAAAAAAAAAAAAAAAAAAAAAAAAAAAAAAAAAAAAAAAAAAAAAAAAAAAAAAAAAAAf//Z"
00000000036,Эндодонтия,Обработка каналов и периапикальных тканей,Гипохлоран,Гипохлоран,"гипохлоран, гипохлорит, гипохлорид, хлор","Гипохлоран-3 - раствор гипохлорита натрия 3,25% для промывания каналов.",300 мл,,Россия,Омегадент,300 мл,Обработка корневых каналов в процессе их подготовки к пломбированию.,шт,10.0,4500.0,https://encrypted-tbn0.gstatic.com/images?q=tbn:ANd9GcTl6Yxhm8sYJMNB0a3tg8jPz9IOa5Y-VhLphl_kGRzhug&s
00000000037,Эндодонтия,Эндодонтическое лечение,Гранулотек,Гранулотек,,"Granulotec - безэвгенольный, не рассасывающийся, бактерицидный и рентгенконтрастный препарат.",,,Швейцария,P.D,Порошок 20 г + жидкость 15 мл,,шт,10.0,31500.0,https://azbukastom.ru/upload/iblock/159/159b021a75625f5116c39b099036c5fb.jpeg
00000000038,Анестезия,Анестезия,Десенсил,Десенсил гель,апликационная анестезия,«Десенсил-ВладМиВа» — АНЕСТЕЗИРУЮЩИЙ ГЕЛЬ для поверхностно-аппликационного применения.,,"Вкус:

Апельсин
Вишня
Мята
Клубника
Лесная Ягода",Россия,ВладМива,Гель 60 г,,шт,10.0,1500.0,https://el-dent.ru/UserFiles/Image/img6908_26434_big.jpg
00000000039,Эндодонтия,Кровоостанавливающие и гемостатические препараты,Капрамин,Капрамин,"гемостатик, кровоостанавливающая жидкость, капрамин","Капрамин  на основе хлорида алюминия - применяется как гемостатическое средство при капиллярном кровотечении из десны, для обработки зубных лунок и после прямого снятия слепков, для ретракции десны, а также для обработки корневых каналов при кровотечении из канала.",30 мл,Синий,Россия,Владмива,флакон 30 мл,"Гемостатическое действие основного компонента материала «Капрамин» - алюминия хлористого —многократно усиливает входящий в состав препарата центимониум бромид, который обладает бактерицидными свойствами.

Материал «Капрамин» не токсичен, прост в применении, не вызывает изменения цвета придесенных и зубных тканей, легко смывается струей воды.

Средство вяжущее стоматологическое для обработки корневых каналов, при капиллярном кровотечении.",флакон,10.0,1700.0,https://el-dent.ru/UserFiles/Image/img4184_62140_big.jpg
00000000040,Эндодонтия,Обработка каналов и периапикальных тканей,КРЕЗОДЕНТ ЖИДКОСТЬ,Крезодент жидкость,Пломбирование каналов,"Крезодент является жидким активным антисептиком с местным действием. В состав препарата входит дексаметазон, оказывающий противовоспалительное действие. Преимущества:
Не раздражает периапикальные ткани.
Оказывает выраженное антисептическое действие.
Обладает противовоспалительными свойствами.
Имеет высокую летучесть и легко проникает в микроскопические каналы.
Позволяет проводить пломбирование труднопроходимых и инфицированных каналов.  Инструкция по применению
В расширенный и высушенный канал поместить отжатую турунду, предварительно смоченную в препарате.
Установить временную пломбу.
Через 2-3 суток можно повторить антисептическую обработку канала.",5 мл,,Россия,Владмива,5 мл,"Предназначена для антисептической обработки инфицированных каналов зубов.
Жидкость Крезодент применяется при эндодонтических вмешательствах в качестве активного антисептика местного действия
Препарат не раздражает периапикальные ткани при условии не смешивания его с другими веществами
Благодаря низкому коэффициенту поверхностного натяжения, препарат летуч и быстро проникает в зубные канальца, продлевая бактерицидный и фунгицидный эффект
Не теряет своих свойств при контакте с кровью, сывороткой и белками",флакон,10.0,1400.0,https://medandmore.kz/upload/cssinliner_webp/resize_cache/iblock/8b3/1000_1001_11f580d52c37b2e84264ccfe6dc6a440f/x37tdyfi4duk4nhvzignpqi6y7jnrys9.webp
00000000041,Эндодонтия,Эндодонтическое лечение,Лимонная кислота - Citric Acid 20%,Лимонная кислота - Citric Acid 20%,"Лимонная кислота, цитрик аксид","Ultradent Citric Acid - мягкий кислотный материал, эффективный для растворения/удаления остатков гидроксида кальция, напр., UltraCal XS. Также рекомендуется как очищающее/обрабатывающее средство для удаления смазанного слоя с дентинных стенок. Особенности:
Рекомендуется как очищающее/обрабатывающее средство для обработанных корневых каналов 
Идеально подходит для растворения/очищения гидроксида кальция 
Мягкий хелатирующий агент
Рекомендуется как очищающее/обрабатывающее средство для обработанных корневых каналов;
Удаляет остатки минеральных веществ и смазанный слой;
Состав малой вязкости облегчает смазывание.",,,США,ULTRADENT,"Шприц-контейнер 30 мл (31,26 г)",Лимонная кислота,шт,10.0,24000.0,https://lavka-dantista.ru/upload/iblock/cf5/cf55db01e3efa16fe9def046dbdb2d70.jpg
00000000042,Эндодонтия,Пломбирование корневых каналов,Метапаста,Метапаста,"Метапаста, пломбирования каналов, постоянное пломбирование каналов, эндотонтическое лечение, паста","Metapaste - незатвердевающая белая паста на основе гидроксида кальция в пластиковых шприцах для временного пломбирования корневых каналов, готовая к применению. Назначение:
Metapaste предназначена для временного пломбирования корневых каналов постоянных и молочных зубов при эндодонтическом лечении. Показания:
Применяется в стоматологии в качестве временного пломбировочного материал, обладающего антибактериальным эффектом, для прямого покрытия коронковой и корневой пульпы при пульпотомии, для лечения гангренозных и некротических форм пульпита, инфицированных каналов при всех деструктивных формах периодонтита.
Показан для применения в детской стоматологической практике в качестве долговременного пломбировочного материала для формирования апикального твердотканного барьера и апексификации.",,Белый,Южная Корея,Meta Biomed,"1 шприц по 2,2 г пасты 
Стерильные, одноразовые наконечники 10шт.
Вращательное кольцо для изменения направления наконечника","Гидроксид кальция < 30%, сульфат Бария < 35%, полипропиленгликоль < 35%.",шт,10.0,6500.0,https://encrypted-tbn0.gstatic.com/images?q=tbn:ANd9GcT7cmrXNhBq4cmf8m1cj5_lcq6gzafT8DxiwcyciXuQHg&s
00000000043,Эндодонтия,Пломбирование корневых каналов,Метапекс,Метапекс,"Метапекс, пломбирования каналов, пломбировка, временное пломбирование, кальций гидрооксид, паста, эндотонтическое лечение","Metapex - незатвердевающая белая паста на основе гидроксида кальция с йодоформом в пластиковых шприцах для временного пломбирования корневых каналов, готовая к применению.Назначение:
Metapex предназначен для временного пмлобирования корневых каналов постоянных и молочных зубов при эндодонтическом лечении. Показания:
При случайном вскрытие пульпы и при пульпотомии.
При негерметичности канала.
При инактивации микробного инфильтрата в инфицированных каналах.
При апексфиксации.
При формировании защитного твердотканевого барьера при перфорациях, оссификации, в областях резорбции костной ткани.
При лечении каналов зубов с несформированным апексом в молочных зубах и при периодонтитах.
Как постоянный пломбировочный материал для инфицированных корневых каналов.",,Белый,Южная Корея,Meta Biomed,"2,2 г пасты в шприце (упаковка из 2 шприцов);
Стерильные, одноразовые наконечники;
Вращательное кольцо для изменения направления наконечника.","Состав:
Гидроксид кальция < 36%, йодоформ < 37%, полидиметилсилоксан < 26%.",шт,10.0,7000.0,https://medicom.kz/wp-content/uploads/2022/07/%D0%9C%D0%B5%D1%82%D0%B0%D0%BF%D0%B5%D0%BA%D1%81-1-%D1%88%D0%BF%D1%80%D0%B8%D1%86.jpg
00000000044,Ортопедия,Цементы,МТА Ангелус,Цемент эндодонтический стом. MTA: White,Цемент эндодонтический,"MTA – Angelus - это цемент для использования в эндодонтической практике, в состав которого входят оксиды минералов. Он состоит из гидрофильных частиц малого размера. При смешивании с водой он сначала переходит в форму геля, а затем затвердевает. Использование цемента особенно показано при латеральных перфорациях корня, перфорациях в области бифуркации, для ретроградного пломбирования корневого канала, прямого покрытия пульпы и пульпотомии в зубах с несформированной верхушкой корня.",,,Бразилия,,"1 гр флакона МТА
3 мл дистиллированной воды
1 мерная ложечка","Великолепная герметизация, предотвращение миграции микроорганизмов и проникновения тканевых жидкостей в корневой канал.
Биологическое закрытие перфораций корня и бифуркации путем стимуляции формирования цемента
При использовании для покрытия пульпы стимулирует формирование дентинного мостика.",упак,10.0,26500.0,https://udenta.ru/export_1c/import_files/7f/7f8056c1-8e28-11ec-bef9-3c7c3fc3ec7d_645c21d5-8e5e-11ec-bef9-3c7c3fc3ec7d.jpeg
00000000045,Ортопедия,Временные цементы,NETC,NETC-цемент для временной фиксации,"Временный цемент, нетс, цемент","Netc - временный цемент безэвгенольного типа.
Применение: для временной фиксации несъемных ортопедических конструкций.
Свойства: Легко замешивается. Можно использовать для пациентов с повышенной чувствительностью к эвгенолу. Рабочее время – 1,5 минуты после начала замешивания. Время затвердевания - 4 минуты после начала замешивания.",40 гр,,Южная Корея,Spident,"1 база 40гр, 1 катализатор 14гр, блокнот для замешивания, шпатель.","NETC, временный цемент безэвгенольного типа
Применение: для временной фиксации несъемных ортопедических конструкций.
Свойства: Легко замешивается. Можно использовать для пациентов с повышенной чувствительностью к эвгенолу. Рабочее время – 1,5 минуты после начала замешивания. Время затвердевания - 4 минуты после начала замешивания.",упак,10.0,5500.0,https://expressdent.net/image/cache/catalog/Prod/04255_1-Nets-Netc-timchasoviy-fiksuyuchiy-bezevgenolniy-tsement-Meta-Biomed-1000x1000-product_popup.jpg
